id,age,education,education_coarse,condition,extr,extr_prctl,extr_type,extr_pro,extr_pro_c,ATI,ATI_prctl,ATI_type,ATI_pro
__YeiBP5jIEnzzrRMm0t4dXrP1p8PNO_5KlpXiotiuQRV9b9c_EdUJT9VOOvyd77,28,Secondary school/GCSE,Secondary school/GCSE or less,inoculation,2.875,0.32596343905583886,intr,0.17403656094416114,-0.07596343905583886,3.3333333333333335,0.6113907830650629,affine,0.11139078306506289
_2COfy7IE9lUMVbTWB38Goxk32w2Om28ZWv9b8Ru_Ye52ZSTn_bBaW4th5UOrla4,30,Undergraduate degree (BA/BSc/other),Undergraduate degree,inoculation,4.25,0.859433530548471,extr,0.35943353054847105,0.10943353054847105,3.3333333333333335,0.6113907830650629,affine,0.11139078306506289
_EK7a25lZFxW7MmuKnd_rJLrzNhn9BOkG8dY2hPH58ZVOpqeuAnMJMCT1H2zSYBy,38,College/A levels,College,inoculation,4.25,0.871462850657585,extr,0.371462850657585,0.121462850657585,4.777777777777778,0.9751497280293825,affine,0.4751497280293825
_j45c5ZdgNVmbpfJGkDXGVbtFoOVJeBkzVOoqcpjvTkuG9YF0E2U5r7wSqicWbQS,25,Undergraduate degree (BA/BSc/other),Undergraduate degree,control,3.125,0.41945156605818434,intr,0.08054843394181566,-0.16945156605818434,1.8888888888888888,0.08126080329148719,non-affine,0.4187391967085128
_KuvPMwtRxK0PrtG50V7jSbBHfELrDo3-JNrdarJOAAhVM1yvGov8H6uLQwqOXT1,27,Undergraduate degree (BA/BSc/other),Undergraduate degree,control,2.25,0.1288449392134522,intr,0.3711550607865478,0.12115506078654781,2.6666666666666665,0.3112719958575155,non-affine,0.18872800414248447
_uM8zdQMv-VlQVkxL5zyT5TudpKxFaKfbVhNwE6iBWuFiFwJcDftbs0v_clWLVW_,32,Undergraduate degree (BA/BSc/other),Undergraduate degree,control,2.75,0.27951944966136355,intr,0.22048055033863645,-0.02951944966136355,3.4444444444444446,0.6598833175440008,affine,0.15988331754400076
_Zoef_nVqwmlfeBm3S9NwrGZAK8Qt9Yu68pRhLaotbTqm5NdlHdCxP3kcWBPraSc,19,College/A levels,College,control,2.375,0.16547000377783586,intr,0.33452999622216417,0.08452999622216417,4.777777777777778,0.9751497280293825,affine,0.4751497280293825
-0jgrRo6IkqwoJA1hzjhPCgXBjkvUWsWljgSk5831EHtJS_EYAY8eKzmhdRssfj2,29,Secondary school/GCSE,Secondary school/GCSE or less,inoculation,2.375,0.1573293969362782,intr,0.34267060306372177,0.09267060306372177,1.8888888888888888,0.08126080329148719,non-affine,0.4187391967085128
-1V8fqedaYFjxgoYmKdZkFuC_i8S57sQ6yPzM2YELJUz3P34Zrk0hFtnXSoNNvf8,26,Undergraduate degree (BA/BSc/other),Undergraduate degree,inoculation,1.875,0.05740661294624746,intr,0.44259338705375256,0.19259338705375256,3.2222222222222223,0.5610952969881974,affine,0.06109529698819738
-dL8CrZbKZz15XONA2HBgk_XfRiLYpVQc7N1Q2NB9jlWpLJPQGWZxPLGiJYM0OiS,37,Secondary school/GCSE,Secondary school/GCSE or less,control,3.625,0.6542200793245094,extr,0.15422007932450943,-0.09577992067549057,3.111111111111111,0.5097921732922717,affine,0.009792173292271666
-ui9DsWwCqoC8qH13X8gmOGm_cf5WNYiYTYVVXbjyZeuU5Fqa3yzh0IvlDd1k1re,25,Graduate degree (MA/MSc/MPhil/other),Graduate/doctorate degree,inoculation,4.25,0.849190336630878,extr,0.34919033663087795,0.09919033663087795,3.111111111111111,0.5097921732922717,affine,0.009792173292271666
-W4eudI1x-aQA5X1cEhJ302OfwPeTBSn0AbCaZOlFnaQUS1KtespdfhI8RlOrRaY,37,College/A levels,College,control,2.125,0.10865816733284132,intr,0.39134183266715866,0.14134183266715866,3.888888888888889,0.8235400564360852,affine,0.3235400564360852
0CopV189fKwY44bDOKUq3Tq2ukQleTR866ra1pkgMgO26J6T-uhL4nEEht-cZLQj,22,College/A levels,College,control,2.625,0.23777341932775467,intr,0.26222658067224536,0.012226580672245357,2.4444444444444446,0.22643286628317424,non-affine,0.27356713371682573
0ln5vcSeZ1jNSbdz9oujwJjMNfT2Rk1Ts4WMvAceKYCI-5qpKyPIhOUgO21fS_zb,28,Undergraduate degree (BA/BSc/other),Undergraduate degree,control,2.875,0.32596343905583886,intr,0.17403656094416114,-0.07596343905583886,3.111111111111111,0.5097921732922717,affine,0.009792173292271666
1_7Z3QryGZGWH-zOv_VyUuXEm913KhTtKxesdlGcccYiuGMr-pFz2rf4s8QheyUY,30,Undergraduate degree (BA/BSc/other),Undergraduate degree,control,3,0.37785807728839665,intr,0.12214192271160335,-0.12785807728839665,4.222222222222222,0.9060031443079403,affine,0.40600314430794027
18SJzbKQpFBnPqP8NBToHQWp4ta8DS542RXSqivwjlLFAwoTtqt2M_qI14-2u2VS,34,Undergraduate degree (BA/BSc/other),Undergraduate degree,control,3.75,0.6895670996736981,extr,0.18956709967369811,-0.060432900326301886,3.3333333333333335,0.6113907830650629,affine,0.11139078306506289
2bPUHEOWTWQwxa27k0pS7bUkEZedBY3XzDp4OcRNsGtxjpQvH4G0Z5-9NJZY8wK2,37,Undergraduate degree (BA/BSc/other),Undergraduate degree,control,3,0.3887384069005967,intr,0.11126159309940331,-0.1387384069005967,2.4444444444444446,0.22643286628317424,non-affine,0.27356713371682573
2Eb82W_IInqJVyMz8WsFdWAvI55EzIG60gZJ7Cy5De-sCVocWcZtgV1BGg5Kt_Po,30,Undergraduate degree (BA/BSc/other),Undergraduate degree,control,2.375,0.15731470622550509,intr,0.3426852937744949,0.09268529377449491,3.3333333333333335,0.6113907830650629,affine,0.11139078306506289
2GpRjS4brzedGM5lBXoTKU2P_fceZTcnkuz8tUiuroBeDWg6BPtOm6N3W0CQswIP,35,Undergraduate degree (BA/BSc/other),Undergraduate degree,inoculation,2.25,0.1265489544735578,intr,0.3734510455264422,0.1234510455264422,2.3333333333333335,0.18947165205564176,non-affine,0.31052834794435824
2InouXP4YkiIXhY8q9wrlbfe1Z17RcGR-uo5JJd8_zEPfXNMbwm2e_XLWl-GoVFR,26,Undergraduate degree (BA/BSc/other),Undergraduate degree,inoculation,1,0.005567052022864923,intr,0.49443294797713505,0.24443294797713505,4.888888888888889,0.9817687190238286,affine,0.48176871902382856
2SrGgXjb1fgTvowfwL6XeaeJRJS9F_mRjATn-OJmzwOeXQmoAMk5oA0Pe6_f7rsv,23,Undergraduate degree (BA/BSc/other),Undergraduate degree,inoculation,2.25,0.11904480172175477,intr,0.3809551982782452,0.1309551982782452,4.111111111111111,0.8824529363865857,affine,0.38245293638658573
2zBiyhcN5AAs4WlNCXEQGTd6owOom_ltHnU4MnFNHumri7AGEVCkyNCPQ3UEHH4b,25,College/A levels,College,control,4.375,0.8790658369213811,extr,0.37906583692138107,0.12906583692138107,3.111111111111111,0.5097921732922717,affine,0.009792173292271666
3EiTdTjYJvUhP-so6CnrSevsxjTCT-GwKZhqpnOlvjNvJPboTu-KgYSQj5jRiRsz,25,Graduate degree (MA/MSc/MPhil/other),Graduate/doctorate degree,inoculation,5,0.9683545838833273,extr,0.4683545838833273,0.2183545838833273,4.333333333333333,0.9258744294380646,affine,0.42587442943806464
3m3pbeqfW-RPZJkMdVU6PrezYvo0MWzAfQu80TfMVo1BvkfcFFpWo8gacPdOYJC6,26,Graduate degree (MA/MSc/MPhil/other),Graduate/doctorate degree,inoculation,2.75,0.26915037450936147,intr,0.23084962549063853,-0.019150374509361467,3.5555555555555554,0.7058646369425364,affine,0.20586463694253643
3nmE-CcfIbTt2-JUz0NEuuOgHZ5O9g-tiy4bFn_AYzVVXJoaD7u4sUwAV6qKiUNW,39,Undergraduate degree (BA/BSc/other),Undergraduate degree,control,3.125,0.45407013632871635,intr,0.045929863671283655,-0.20407013632871635,3.7777777777777777,0.7880697379814923,affine,0.28806973798149227
3XdSzVhHKe8HuLwNgS_-WJ155Xgjulfx-K8dHqEUUO_tEbUEMnh0wIje-JVAcxIx,26,Undergraduate degree (BA/BSc/other),Undergraduate degree,control,2.5,0.18670344146872814,intr,0.31329655853127186,0.06329655853127186,2.3333333333333335,0.18947165205564176,non-affine,0.31052834794435824
3Yx-R4tlWX1Ad7u570emojQ2o0u34qQUis1liwUGCqhABzIjQwTJEvB3XwqVsyR9,32,Graduate degree (MA/MSc/MPhil/other),Graduate/doctorate degree,inoculation,3.625,0.6550078620232191,extr,0.15500786202321915,-0.09499213797678085,3.6666666666666665,0.7487440315963316,affine,0.24874403159633163
4Qvq6fNX6eAUChlesnHj7QTC7VY-wZfhu2JlBIWFXpURjAipJeyOs_MUGzvD2SHv,21,Undergraduate degree (BA/BSc/other),Undergraduate degree,inoculation,4.375,0.8943502263331448,extr,0.39435022633314476,0.14435022633314476,4.666666666666667,0.9666234924151828,affine,0.46662349241518275
4qyxc9Hj4rDKVWq_YjVVT57ZrP6KVmoV0St4qmLHY5Rqx914mikkva1JTz4nFyP_,21,College/A levels,College,control,2.5,0.20232838096364308,intr,0.2976716190363569,0.047671619036356916,3.111111111111111,0.5097921732922717,affine,0.009792173292271666
4rKlbPc2HutPdoiXXyj7vvrURYVaFGhg8OZAkeIQf0VBCGngWc4Qsi05mZUNH8SK,25,Graduate degree (MA/MSc/MPhil/other),Graduate/doctorate degree,inoculation,3.375,0.5284716645164785,extr,0.028471664516478534,-0.22152833548352147,3.5555555555555554,0.7058646369425364,affine,0.20586463694253643
4tbCPnIszGaP-w4ZqV0b1nuQ4FIG6IIGYVsnGxYGh-Ea_dlcDZ2iZCPxwMWUs54q,28,Undergraduate degree (BA/BSc/other),Undergraduate degree,inoculation,3.625,0.6421196945326565,extr,0.1421196945326565,-0.1078803054673435,3.2222222222222223,0.5610952969881974,affine,0.06109529698819738
4XC5_debUqvTGq5BgdEFG9His1X-pnJ8qRzIGbo9DauyHFokum8dvriA3WLHiLQc,29,Graduate degree (MA/MSc/MPhil/other),Graduate/doctorate degree,control,2,0.0781563582094391,intr,0.4218436417905609,0.17184364179056089,4,0.8550040836957316,affine,0.35500408369573155
51v82N1QBTr6_T9ZDPPuchXKif8YMbkj3nJjST-0O-iSU3bULEJSXSbw4EKeHaom,22,Secondary school/GCSE,Secondary school/GCSE or less,control,1.5,0.023990984296423032,intr,0.47600901570357695,0.22600901570357695,3.3333333333333335,0.6113907830650629,affine,0.11139078306506289
56kdwJebTbZNGolnaUx0a8Z070CX7tWaEQsRpDe6tZp1nbQr4GfG3a-NtY8ul1Ko,21,College/A levels,College,inoculation,3,0.390591475433575,intr,0.10940852456642502,-0.14059147543357498,3.3333333333333335,0.6113907830650629,affine,0.11139078306506289
5Nut2taT1D09wScL4R4vyBQ9wTEIOPlIZaAVAlbzFBUWeRkrcwvRZ3cN6e7dvOsQ,29,College/A levels,College,control,3.125,0.4280587217427359,intr,0.0719412782572641,-0.1780587217427359,3,0.45832630776244876,non-affine,0.04167369223755124
5RCMAGQbD_4EPW0NSkB6gbHhrdgujMZZkKBtH4sga9vwu9z8oE1r1N0bF456ZszW,36,Graduate degree (MA/MSc/MPhil/other),Graduate/doctorate degree,inoculation,3.875,0.7573495477763714,extr,0.2573495477763714,0.007349547776371423,2.888888888888889,0.4075506654302435,non-affine,0.09244933456975651
5RiBKRV0VjZMGwHnayDQwJqdUVveLsfuKuVuy6pTHGJcmHBMngahBHPLj46QSbeK,23,Undergraduate degree (BA/BSc/other),Undergraduate degree,inoculation,4.375,0.8864504353033805,extr,0.3864504353033805,0.13645043530338052,4.222222222222222,0.9060031443079403,affine,0.40600314430794027
5sd0npD7MOYWc3sX-Tekr7WJ_dZGVviCzSw24ZqMunu3k7bAXIZdXjIiTtmOjclN,35,Secondary school/GCSE,Secondary school/GCSE or less,inoculation,3.25,0.48246972090923756,intr,0.017530279090762435,-0.23246972090923756,3.5555555555555554,0.7058646369425364,affine,0.20586463694253643
66n8fLZMY6CY2cP8JnyywMywsEd4UdoYdSAXURYgm26FtZXA2tqbffJRMWOVh08E,27,Undergraduate degree (BA/BSc/other),Undergraduate degree,control,4.625,0.9302990521624593,extr,0.43029905216245934,0.18029905216245934,3.2222222222222223,0.5610952969881974,affine,0.06109529698819738
6CJ45VAdv-5G09W_k1BfNc9SApP_LSwr-J9BLLlSYJAV3FRNXG1yyMSHggKdIYA4,40,Undergraduate degree (BA/BSc/other),Undergraduate degree,control,3.75,0.6934375706425553,extr,0.1934375706425553,-0.05656242935744471,1.6666666666666667,0.04895831793880404,non-affine,0.45104168206119594
6LwtM-6q56YyKs8b8Jk8HRbxy0i43irVjg4kfMgYc973QduchQU7RyNbEqZVhwE_,37,Graduate degree (MA/MSc/MPhil/other),Graduate/doctorate degree,control,2.625,0.24502874409314518,intr,0.2549712559068548,0.004971255906854821,2.4444444444444446,0.22643286628317424,non-affine,0.27356713371682573
6mf6ACt-Q2KR6Cf65M9NbUtR5a1DdBkyL-d7xpsXvOrX53VL3_prJGTjfDkp8R_B,37,College/A levels,College,control,3.625,0.6542200793245094,extr,0.15422007932450943,-0.09577992067549057,3.6666666666666665,0.7487440315963316,affine,0.24874403159633163
7X48YyATC94YxDI3Nhyuj4Tw5ne_MZusUaAwW4EaMhT4IakgRVXee32eRfcsYcgO,38,Doctorate degree (PhD/MD/other),Graduate/doctorate degree,control,2,0.08586490525735588,intr,0.4141350947426441,0.1641350947426441,4.555555555555555,0.9558220062871597,affine,0.45582200628715974
7zstzAWnyuZpAG4Wn2lRL7MAQirssL9siyFworQNbeebaMVs_vZVbwRTjHCAauuI,23,Undergraduate degree (BA/BSc/other),Undergraduate degree,inoculation,2.625,0.22409770974953258,intr,0.2759022902504674,0.02590229025046742,3.111111111111111,0.5097921732922717,affine,0.009792173292271666
8l82lJupo6ksxJ2Tcm3sTP1q_t3WKRdlvBsk_TPU_23mp7ijGLEY2G609Tt7y05v,28,Graduate degree (MA/MSc/MPhil/other),Graduate/doctorate degree,inoculation,3,0.37629830090776895,intr,0.12370169909223105,-0.12629830090776895,3.7777777777777777,0.7880697379814923,affine,0.28806973798149227
8Nz6h3fLfBoA2pznYdzRjS6zK4TRo0Q-4znstwTzttkJr0hrFTFlKp3m6hxddTeE,34,Graduate degree (MA/MSc/MPhil/other),Graduate/doctorate degree,control,2.875,0.32771318855333625,intr,0.17228681144666375,-0.07771318855333625,3.888888888888889,0.8235400564360852,affine,0.3235400564360852
8pSDGoBUgcLADFW_2uK1bSkmcvWWx4NfXOcObjK_sZtLLQvbBeuLHC7NKRHlL0Oa,29,Undergraduate degree (BA/BSc/other),Undergraduate degree,inoculation,2.75,0.2764545386971833,intr,0.22354546130281672,-0.026454538697183283,3.5555555555555554,0.7058646369425364,affine,0.20586463694253643
93ji-sD3DZdngG3Z8J4IDXa10j_Sw-rqEYaN_YLiz-oF0fTyI6ioj1RrG7Jf9fzU,30,Undergraduate degree (BA/BSc/other),Undergraduate degree,inoculation,4,0.7881446014166034,extr,0.28814460141660336,0.03814460141660336,4.333333333333333,0.9258744294380646,affine,0.42587442943806464
97VuHCHHq6GbNdzdhXMRmKNqlElk9Y1tL82D4CIAZcePyYTBS1bFiOpC0MCqHwiV,31,Undergraduate degree (BA/BSc/other),Undergraduate degree,inoculation,3.5,0.5835997148964526,extr,0.08359971489645257,-0.16640028510354743,3.5555555555555554,0.7058646369425364,affine,0.20586463694253643
9M2XRZoGZQsFKnELk6yCHzuC35RxVl1NeBU8SREEb5EEIqUb1mQw3jgypimQw1eH,39,College/A levels,College,inoculation,3.5,0.6166534800416775,extr,0.11665348004167753,-0.13334651995832247,3.4444444444444446,0.6598833175440008,affine,0.15988331754400076
9TuHwV67vviK50NIfAtxe3sBYOfL3TGoRvPloKPQ2ncV786Zb4nqiyAMTBJ6kofa,28,Graduate degree (MA/MSc/MPhil/other),Graduate/doctorate degree,control,3.875,0.7375692794545223,extr,0.23756927945452233,-0.01243072054547767,4.111111111111111,0.8824529363865857,affine,0.38245293638658573
a4FUGQ1IWusQsGurtm2TxqCzXWtswy-1DJ9qLGnMjd13fEWGWk05EcAakUicbHqt,38,Undergraduate degree (BA/BSc/other),Undergraduate degree,inoculation,4.875,0.9662085451766036,extr,0.4662085451766036,0.2162085451766036,2.2222222222222223,0.15647678378182311,non-affine,0.3435232162181769
AC3a1J3HgyKL1RZKb6i0uIQs2ztUs8yMUYT0di28o6TYBwN1qxut2QsWpxE72NWx,27,Undergraduate degree (BA/BSc/other),Undergraduate degree,control,2.75,0.2801427206290089,intr,0.2198572793709911,-0.030142720629008912,3.4444444444444446,0.6598833175440008,affine,0.15988331754400076
AdeWsT5WrkVKhrNG1XmRsImf2JiY4zoJAl3kK8c54qFMVQjMUTzhW4yskQPf3vhB,22,College/A levels,College,inoculation,3,0.3850917680096093,intr,0.11490823199039069,-0.13509176800960931,2,0.10249866995949809,non-affine,0.3975013300405019
Ag7v14F_VykfUgAIuViPBaPmcKXb-Dclgwid3ZURTyHLjWg-J2RrSE-sx8gwhCn2,29,Secondary school/GCSE,Secondary school/GCSE or less,control,2.5,0.19266107347647787,intr,0.3073389265235221,0.05733892652352213,4.222222222222222,0.9060031443079403,affine,0.40600314430794027
aGkHqYyR78ZW5IsMfpmhJeZFQNX9-IgTcG7hNmFmIE1mXbuIVIoM31PI25HqhbDL,21,College/A levels,College,inoculation,2.375,0.16547000377783586,intr,0.33452999622216417,0.08452999622216417,3.6666666666666665,0.7487440315963316,affine,0.24874403159633163
Aj9pB5pvFbx6nyTFKx8VMDaK_vmTCWQ-zZTbbCb-cWDa6FTKsdxyWx1UmnS94ONG,22,Undergraduate degree (BA/BSc/other),Undergraduate degree,inoculation,2.25,0.1282229708663177,intr,0.37177702913368227,0.12177702913368227,2.7777777777777777,0.3582841048572582,non-affine,0.1417158951427418
AUMYtDGF7Ay8cJdD0DhKTUD3FCIg5RVL0Bx-Y2yylNUOGaV4gAaAww9qKiDuQy3o,30,Undergraduate degree (BA/BSc/other),Undergraduate degree,inoculation,2.5,0.193062337141907,intr,0.306937662858093,0.056937662858092986,2.6666666666666665,0.3112719958575155,non-affine,0.18872800414248447
B5tnQRe6wAvpndkwajgrecbiwxJz8c6L-89U2rTfl6r-MsOKk845OWBpA5H2JPWR,36,Undergraduate degree (BA/BSc/other),Undergraduate degree,control,1.125,0.010058036239739,intr,0.489941963760261,0.239941963760261,2.4444444444444446,0.22643286628317424,non-affine,0.27356713371682573
b9n4NftyRyosS05_HyqtvK2y1fjVAzPD203a_6evGHZHGZqv3REGECy3qBiqsBnr,30,Graduate degree (MA/MSc/MPhil/other),Graduate/doctorate degree,control,4.25,0.859433530548471,extr,0.35943353054847105,0.10943353054847105,3.7777777777777777,0.7880697379814923,affine,0.28806973798149227
bbC2AaJcB8OD79dinesoYCMqbvGS4r6uct2H3ngc7t1BB9XGYI_MKEhZAYD_RrTP,31,Undergraduate degree (BA/BSc/other),Undergraduate degree,inoculation,3.5,0.5835997148964526,extr,0.08359971489645257,-0.16640028510354743,5,0.9868221564128329,affine,0.4868221564128329
BD8Bva9PsQE8Xdir0eJrNvxXmZn7dWbH4pJOkxpK1exNC_n8COh-3w96RlZTvu6M,27,Graduate degree (MA/MSc/MPhil/other),Graduate/doctorate degree,control,3.625,0.6477009488343807,extr,0.14770094883438067,-0.10229905116561933,3.5555555555555554,0.7058646369425364,affine,0.20586463694253643
bFKA-12wnDFT4jnH9XJ5QVRsXtt_AISjIMplBGItGh4QyT2F4_jS-o900clw-K8a,30,Undergraduate degree (BA/BSc/other),Undergraduate degree,control,2.375,0.15731470622550509,intr,0.3426852937744949,0.09268529377449491,2.3333333333333335,0.18947165205564176,non-affine,0.31052834794435824
bgF6jJYbXWMnVJkR-AI0emyv1thBiy_lbpgDEy8r6dS-kNjsHofUPAeUMD47ACl3,40,Undergraduate degree (BA/BSc/other),Undergraduate degree,control,2.25,0.11904480172175477,intr,0.3809551982782452,0.1309551982782452,2.888888888888889,0.4075506654302435,non-affine,0.09244933456975651
BKmQDdPyqSHNorN3tUbBxnou2korMuwvLSAzC1Eawwy9N5hlO_ZQ3cNOk_0zHnwt,27,Graduate degree (MA/MSc/MPhil/other),Graduate/doctorate degree,inoculation,3,0.3791582367631453,intr,0.1208417632368547,-0.1291582367631453,3.3333333333333335,0.6113907830650629,affine,0.11139078306506289
BKTSvqKr9ZVvOR5v1pfghaxcdWx3bq9TDMaXMDAJZ5xHhMvAhh6pSPtlxU3gh4Ua,32,College/A levels,College,control,2.625,0.23431218723134398,intr,0.26568781276865605,0.01568781276865605,2.888888888888889,0.4075506654302435,non-affine,0.09244933456975651
BlUXO1Vssp3_kCftg1EAmJYn4vOK0j50s-R4TnmNil8Kgdt19eBT2_oTjgYjrrYt,22,College/A levels,College,control,2.375,0.1600184585044131,intr,0.3399815414955869,0.0899815414955869,3,0.45832630776244876,non-affine,0.04167369223755124
bOWqULwe7q4ECVqLZfhb32JKU9OwJQMltiN5j-alZeE6DQ5daN5LOCsRHSSTk-Wj,19,College/A levels,College,control,1.875,0.06328386073685346,intr,0.43671613926314656,0.18671613926314656,3,0.45832630776244876,non-affine,0.04167369223755124
bpl8ZlZBGPEleFm1awTanfT2_U5y0eY-vGB5Bf04E203kfCP4FyQSajVb0X-xHMK,27,Undergraduate degree (BA/BSc/other),Undergraduate degree,control,3.75,0.6972416256940931,extr,0.1972416256940931,-0.05275837430590691,4.111111111111111,0.8824529363865857,affine,0.38245293638658573
BrPsqrMFIVKNjYeP2HTKZkfORuZKc0L-SDF5LRDvetMuIxT9goHodIsJyIoqHSRk,24,Undergraduate degree (BA/BSc/other),Undergraduate degree,inoculation,2.25,0.1235742184258305,intr,0.3764257815741695,0.1264257815741695,3.111111111111111,0.5097921732922717,affine,0.009792173292271666
bUURAiDELURCQHpLIpQVLcod-E29p427Ta91pdO5LchJ8JhVYzOO3_iFO1sW_kUQ,40,Doctorate degree (PhD/MD/other),Graduate/doctorate degree,inoculation,3.5,0.5889010979599953,extr,0.08890109795999535,-0.16109890204000465,1.7777777777777777,0.06352488387403976,non-affine,0.43647511612596024
CcaOVN7Nj4VEk1s5fBUaZBA8VZ0fL7Dz75vxVPH-B7Sd4A1ifnoA0dqqfTOKBsVs,38,College/A levels,College,inoculation,4.375,0.8983529129357436,extr,0.3983529129357436,0.1483529129357436,4.333333333333333,0.9258744294380646,affine,0.42587442943806464
CH-ZIQ-CCFNrdcb391qzCEicXf_raV_UsqsFJM6TG8SceeyMCjdP6sEGr1eUodiW,27,Undergraduate degree (BA/BSc/other),Undergraduate degree,control,3.25,0.4868504386124467,intr,0.013149561387553299,-0.2368504386124467,2.3333333333333335,0.18947165205564176,non-affine,0.31052834794435824
CJqcCRzGKqQdVHbeQWiIJo_xUoHy7msVH4zYudrvratfJ7clGyT1lbOsfC-Crgv6,38,Graduate degree (MA/MSc/MPhil/other),Graduate/doctorate degree,control,1.625,0.03726602918584238,intr,0.4627339708141576,0.21273397081415762,1.8888888888888888,0.08126080329148719,non-affine,0.4187391967085128
CjQjrRsnxroQnNxXh5JnapEyCgDOS_z00YhTxktRMi0zSGY4eHDsuOJma2selWT3,22,College/A levels,College,control,3,0.3850917680096093,intr,0.11490823199039069,-0.13509176800960931,3.7777777777777777,0.7880697379814923,affine,0.28806973798149227
ckZugPuZQ67Nfu663JwSCc82XzXnlwp6D9r5xD1QXzfVDzX8bFtDpNystoiGo_JE,33,College/A levels,College,control,2.875,0.33779873879866107,intr,0.16220126120133893,-0.08779873879866107,2,0.10249866995949809,non-affine,0.3975013300405019
CmR_fMP1nIW1zHf8bx-aGZoZxz8YrI5P_Xgbpe5sT_Muw1GJeWivKFxzNVW3DYpm,28,College/A levels,College,inoculation,2.875,0.32596343905583886,intr,0.17403656094416114,-0.07596343905583886,3.111111111111111,0.5097921732922717,affine,0.009792173292271666
cSc4KI0JkGeMJuIu9xUBXcxQXxTaZXwvxaG164GVXThLFHPOeuGrYSgyT4QN06lt,26,College/A levels,College,inoculation,1.75,0.04323813274683282,intr,0.4567618672531672,0.2067618672531672,2.6666666666666665,0.3112719958575155,non-affine,0.18872800414248447
cULFMg2oNGGjxM96_XjABGFpFHwikt5P0og6APR6O5_55SciI5o0fXrpasPG3of8,39,Secondary school/GCSE,Secondary school/GCSE or less,control,2.75,0.2989327447218728,intr,0.2010672552781272,-0.04893274472187281,4,0.8550040836957316,affine,0.35500408369573155
CyLcp0uFyplNB4qJ4cdG-btKlzhNHHEv3kZzvuJ4O1RDizgK2FF6QiaJc1QEr64w,35,Secondary school/GCSE,Secondary school/GCSE or less,control,2.375,0.1573293969362782,intr,0.34267060306372177,0.09267060306372177,3.2222222222222223,0.5610952969881974,affine,0.06109529698819738
d9GNyxFKpVJ14E9-YYKMTYAaiKUCGqVueou8VeYn70LvAuazHb96x7PYtH4AlEnI,27,Undergraduate degree (BA/BSc/other),Undergraduate degree,inoculation,3.25,0.4868504386124467,intr,0.013149561387553299,-0.2368504386124467,2.7777777777777777,0.3582841048572582,non-affine,0.1417158951427418
DE6TWurrnK8kj7s4CRD8uQalKWM9mtT93y1Zgysf4iVSAhywmXdyMWHKe_tzv2u-,26,Undergraduate degree (BA/BSc/other),Undergraduate degree,inoculation,2.625,0.22580090449454418,intr,0.27419909550545585,0.024199095505455848,3.4444444444444446,0.6598833175440008,affine,0.15988331754400076
dEo56gU62GL9gYyXn3lQjaepdSULWFRaPD2qVag1TxwCQd5Ule73Mu_7A5xEUrxT,27,Graduate degree (MA/MSc/MPhil/other),Graduate/doctorate degree,control,3.875,0.7433945360620126,extr,0.24339453606201256,-0.006605463937987444,3.6666666666666665,0.7487440315963316,affine,0.24874403159633163
DFvuwKvVEuMiTFCSurDk-vudj6Ek2NNNI649ub-fXKMkxJRZxGdgCh_sG3WUvYdi,38,College/A levels,College,control,2.875,0.3466264680289786,intr,0.15337353197102138,-0.09662646802897862,3.6666666666666665,0.7487440315963316,affine,0.24874403159633163
diqL0Q4a-Zk_UXABVpBJYILpquif3ElDS0s_WPreJH-2G7IKwco6FJMC3pe1G7Io,30,College/A levels,College,inoculation,3,0.37785807728839665,intr,0.12214192271160335,-0.12785807728839665,2.4444444444444446,0.22643286628317424,non-affine,0.27356713371682573
DnF8n0vDCJz2-_HZs-Bj3p5movVi50nD-yBNZ9kpJNzJrmThELOCGILKGCHx9Y67,25,Undergraduate degree (BA/BSc/other),Undergraduate degree,control,4.125,0.8147679563775835,extr,0.3147679563775835,0.06476795637758348,3.7777777777777777,0.7880697379814923,affine,0.28806973798149227
dOVYBvfWSfTaWHol4TZIp6okSV13MP3c0fULivFeta9lnwLapIdhNSyt8tShN4m3,19,No formal qualifications,Secondary school/GCSE or less,inoculation,2.25,0.1332602629025054,intr,0.36673973709749463,0.11673973709749463,3.4444444444444446,0.6598833175440008,affine,0.15988331754400076
e-aQeVcdNgPmEnQ2uyJxXVNvrsgUr84ketb6gEyN4p9LTc03poqDW85kZKxVFVtB,18,College/A levels,College,inoculation,2.5,0.20232838096364308,intr,0.2976716190363569,0.047671619036356916,3.2222222222222223,0.5610952969881974,affine,0.06109529698819738
E4OqCBcGnA2sDtSUB2pDBzxPQ2mq5fnTJESod9F1TMhZ2N9-TriOAHh25-n0e48b,27,College/A levels,College,control,4.125,0.8234443827469973,extr,0.32344438274699727,0.07344438274699727,2,0.10249866995949809,non-affine,0.3975013300405019
ebNcJ9OFiY-u34Mt9dtcJTsjoTF1YkxUPzpd620exZRFpLTinDhsicyVn5I7DG1n,36,Graduate degree (MA/MSc/MPhil/other),Graduate/doctorate degree,control,1.75,0.05077736007823844,intr,0.4492226399217616,0.1992226399217616,1.2222222222222223,0.01493406947788233,non-affine,0.48506593052211766
ECsChYzLbD4VH3aRmzT5UHbnFDwjPtWiYnnvKuszT92rpbuKBHP7A3IupRM9-zaM,32,Graduate degree (MA/MSc/MPhil/other),Graduate/doctorate degree,inoculation,3.75,0.7051689799095457,extr,0.20516897990954575,-0.044831020090454254,2.888888888888889,0.4075506654302435,non-affine,0.09244933456975651
Ekbij0PUKqMEELH2OMAkWyPwurOR2QjSNpqD4VWVCE45ci6HBavbJ6FIGVc7tvru,31,Secondary school/GCSE,Secondary school/GCSE or less,control,3.375,0.5287874697124002,extr,0.028787469712400204,-0.2212125302875998,3.3333333333333335,0.6113907830650629,affine,0.11139078306506289
emJ0lfB7m32_p23Q79-IrnPwnacA-O80PzEQTFLADwROSH-XEUDQWo91OSMw1UV_,40,Undergraduate degree (BA/BSc/other),Undergraduate degree,control,3.5,0.5889010979599953,extr,0.08890109795999535,-0.16109890204000465,3.2222222222222223,0.5610952969881974,affine,0.06109529698819738
eOI8YSCe7bO3saJwGVE5ITcipJUKlNut_RXfwcKv5j9tbK4oH3uEm_02coONlPx1,19,College/A levels,College,control,2.75,0.289257360753972,intr,0.21074263924602799,-0.039257360753972015,3.3333333333333335,0.6113907830650629,affine,0.11139078306506289
ET9NHz48GPPsALhbjJpYQx1BpE9EvUWyoIyVG2pXNny9-yg9uVHl9MwJhZyS89Ss,37,Graduate degree (MA/MSc/MPhil/other),Graduate/doctorate degree,inoculation,1.375,0.02023530932964715,intr,0.4797646906703529,0.22976469067035288,2.111111111111111,0.12750953606128893,non-affine,0.3724904639387111
etXOILTFx33UIoJOC-3qCo18aYeZDAtZ3r9tHxQYQQS0zK5av64XpfcTu980C2Az,28,Undergraduate degree (BA/BSc/other),Undergraduate degree,control,1.75,0.04707384517339684,intr,0.45292615482660314,0.20292615482660314,2,0.10249866995949809,non-affine,0.3975013300405019
Fd_IKqhGUOxyPAoDgZIwsTbq3LOK5OooXxCS4_2wcI1V7AeV_D62nkPvbijy2C07,32,Undergraduate degree (BA/BSc/other),Undergraduate degree,control,3.125,0.43529018093898475,intr,0.06470981906101525,-0.18529018093898475,3.2222222222222223,0.5610952969881974,affine,0.06109529698819738
fhze-YjJ3cAqQCxpC7aW5be3I5N2ExoBti3kJBOmfnzAXqzOL4hExVYfWTdrMtLr,40,Graduate degree (MA/MSc/MPhil/other),Graduate/doctorate degree,inoculation,4.25,0.8571079258554607,extr,0.3571079258554607,0.1071079258554607,4.111111111111111,0.8824529363865857,affine,0.38245293638658573
FslV0jSzdtVrv7PAHXFAueiE2DfqtVZaRGkQJ4NkEz3q7c5oQ4qvXZDKAIZrjCoy,28,Undergraduate degree (BA/BSc/other),Undergraduate degree,inoculation,4.25,0.8516365779792595,extr,0.3516365779792595,0.10163657797925951,3.2222222222222223,0.5610952969881974,affine,0.06109529698819738
ftX5b6UBAy8yrXF3jvesamS9Yl_TkXVqtAXpwyIe03N42DKKrKiRJtod-18xTn_j,31,Undergraduate degree (BA/BSc/other),Undergraduate degree,inoculation,3.625,0.636830651175619,extr,0.136830651175619,-0.11316934882438101,2,0.10249866995949809,non-affine,0.3975013300405019
FZpqs7vkMnhh2-1DtxqeWNq2qJX2DUGPIBkU41UkE6ZBcvxERnhdhRPS1vVWjHhA,33,College/A levels,College,inoculation,1.875,0.06610616611319933,intr,0.4338938338868007,0.1838938338868007,2.7777777777777777,0.3582841048572582,non-affine,0.1417158951427418
fZuc8cY9PBloIfArsxBgXtQ1mFdZM_tGuqAuG_ANkiO_6aamxr3uIcoN9zgFMlnE,33,Undergraduate degree (BA/BSc/other),Undergraduate degree,inoculation,1.625,0.03776981507656937,intr,0.46223018492343065,0.21223018492343065,3.3333333333333335,0.6113907830650629,affine,0.11139078306506289
g8dQUQgYRVlT17mND6uMSxy8dQPI3YhsqAenXDmRzQ1QWXdslmUOBlhokDutASG9,30,Undergraduate degree (BA/BSc/other),Undergraduate degree,control,3,0.37785807728839665,intr,0.12214192271160335,-0.12785807728839665,2.7777777777777777,0.3582841048572582,non-affine,0.1417158951427418
GcaUKtki7ija4IY14Za_eE0UZyiWIa-acXggEgqxoMw1r6qyjhpt3BQltiBCWmeQ,38,Undergraduate degree (BA/BSc/other),Undergraduate degree,inoculation,2.375,0.17105612630848183,intr,0.3289438736915182,0.07894387369151817,2.5555555555555554,0.26715276869871313,non-affine,0.23284723130128687
GdOh323iLwWdhRSzdCXjWCi4sJOBWdPKjf1D-_mnuyqmuqWANBf07sBnlnPHZ0N6,31,Secondary school/GCSE,Secondary school/GCSE or less,inoculation,3.625,0.636830651175619,extr,0.136830651175619,-0.11316934882438101,4.333333333333333,0.9258744294380646,affine,0.42587442943806464
GIEalaFDyg2MW309j06y5-gWD2NKcETpD1S4QU6hU018HEG1f_TKk08UzfqpFn1x,34,Undergraduate degree (BA/BSc/other),Undergraduate degree,inoculation,2,0.0827061277710377,intr,0.4172938722289623,0.1672938722289623,4,0.8550040836957316,affine,0.35500408369573155
gkyF69GueA1TsqTyebD84yt3v-WbbTXrGx7RCxJKcMetB_8EdjA4skPQweBXCK7b,29,Graduate degree (MA/MSc/MPhil/other),Graduate/doctorate degree,inoculation,2.5,0.19266107347647787,intr,0.3073389265235221,0.05733892652352213,4.666666666666667,0.9666234924151828,affine,0.46662349241518275
GPyc2RoZlry82qxwYZjkbOwZuEln-KqwXeUCOsPogdYGbJssYJlsjWfdtJaEgZA-,29,Undergraduate degree (BA/BSc/other),Undergraduate degree,control,4,0.7823692392939845,extr,0.2823692392939845,0.0323692392939845,2.888888888888889,0.4075506654302435,non-affine,0.09244933456975651
gv0kFaQUH8CanTSXlh-4yJtPB72MCUBSAlCg4u5I7cgsNMy0XSI9IbSm9ilLdA7_,29,Undergraduate degree (BA/BSc/other),Undergraduate degree,control,2.625,0.23246006031229044,intr,0.26753993968770956,0.01753993968770956,2.6666666666666665,0.3112719958575155,non-affine,0.18872800414248447
gw9KWCqdKszLUaJWuuOUyqpr-An2Q1aUpXLWuY2TxNTnLl-lr_qj13RDvtaByMx8,31,College/A levels,College,control,3.25,0.47342353569963486,intr,0.026576464300365144,-0.22342353569963486,3.111111111111111,0.5097921732922717,affine,0.009792173292271666
h70EP9KxPwf36ykU2kLqpVoF_FlASFULW4OKAyBvvB-_0xRyP8eIHZVZw1ZQ3TR8,31,College/A levels,College,inoculation,1.75,0.041518219688779105,intr,0.4584817803112209,0.2084817803112209,2.3333333333333335,0.18947165205564176,non-affine,0.31052834794435824
h7zYtnNqr5n5sU-kjDiqGnTPiHpIWc6txjNljG1G81mZZWLw2-TREiF_s1gah-GB,29,Graduate degree (MA/MSc/MPhil/other),Graduate/doctorate degree,control,2.625,0.23246006031229044,intr,0.26753993968770956,0.01753993968770956,4.222222222222222,0.9060031443079403,affine,0.40600314430794027
HAddnim-t9xF3qwaNEnEK7Ln1THVmkO4Is2pgL1atHQy11jlIlJz8bx22vp8VQXa,36,College/A levels,College,control,1.5,0.027932459515083205,intr,0.4720675404849168,0.22206754048491678,4.111111111111111,0.8824529363865857,affine,0.38245293638658573
HaRn5zMz19o3T99hUgnYOoGB2yAE4vCHvH-pq_W9Px8j-3eP96z3deNG0YfaYA9r,35,Undergraduate degree (BA/BSc/other),Undergraduate degree,inoculation,2.625,0.23246006031229044,intr,0.26753993968770956,0.01753993968770956,3.888888888888889,0.8235400564360852,affine,0.3235400564360852
HGWSvMUnyO9H5i92oESvl76KuHMIndG2xtHDTRTYcyGg-4RO-h2P2B7f3O1AwK1T,25,Undergraduate degree (BA/BSc/other),Undergraduate degree,inoculation,2.75,0.26915037450936147,intr,0.23084962549063853,-0.019150374509361467,2.7777777777777777,0.3582841048572582,non-affine,0.1417158951427418
HMez8xBUim841CGYDrI-x_ED9oqz_FMDSYSHaCn26BTNDeIyX6ijPR4qS9a65LG4,37,College/A levels,College,inoculation,1.75,0.0503671270150136,intr,0.4496328729849864,0.1996328729849864,2.7777777777777777,0.3582841048572582,non-affine,0.1417158951427418
HNKSXLzBiv0WXLU_MRcH0Zrb-0b80Ah6iGWcVksWRgVR0dTcyyNZudAQoquYQuU1,26,Undergraduate degree (BA/BSc/other),Undergraduate degree,control,3.75,0.6856354706455398,extr,0.18563547064553976,-0.06436452935446024,3.2222222222222223,0.5610952969881974,affine,0.06109529698819738
horHKmWSoW07viCCsgv0JGWzuqtAIRvZAkansmQWPs-QPvdt-9F_aWu-ASoXiuCx,37,Undergraduate degree (BA/BSc/other),Undergraduate degree,inoculation,2.125,0.10865816733284132,intr,0.39134183266715866,0.14134183266715866,3.6666666666666665,0.7487440315963316,affine,0.24874403159633163
hrBWgXOEs4qUQ-9kDFnndmRfSB6Q6un5ganLo6CyDkFfERAim_Uv-GkSxYnDo8IZ,30,Graduate degree (MA/MSc/MPhil/other),Graduate/doctorate degree,inoculation,4.5,0.9123796895084679,extr,0.41237968950846793,0.16237968950846793,4,0.8550040836957316,affine,0.35500408369573155
hSnIHHXk1RLPxHEKkM_lI87L4TsM3DuWvS3tL0mLT_ye7wNZyXWFXscSNB5hLA4I,34,Undergraduate degree (BA/BSc/other),Undergraduate degree,control,2.375,0.16258948000326398,intr,0.337410519996736,0.08741051999673599,4.222222222222222,0.9060031443079403,affine,0.40600314430794027
HUUAL7ypsyBsOHKpQMkxl7GMdHM7XGOtsYgBG2zau6fRwxy1waJk1n93Ju1mlvCE,24,Undergraduate degree (BA/BSc/other),Undergraduate degree,control,4.875,0.9634443147063263,extr,0.4634443147063263,0.2134443147063263,3.4444444444444446,0.6598833175440008,affine,0.15988331754400076
hWwM_S5pSHHF8ks4zvVPVDJcg2gmroCnSbe5lWpA607daazp4oaHu9Qf93wboeUP,20,College/A levels,College,inoculation,3,0.390591475433575,intr,0.10940852456642502,-0.14059147543357498,3.7777777777777777,0.7880697379814923,affine,0.28806973798149227
I7udadTUdpYp9I3s6kPm8hBX5fpVWSr_L8RcDgZLE-A3PhVOMABNdN_f6tOxNKm_,24,College/A levels,College,control,1.5,0.022750131948179216,intr,0.4772498680518208,0.2272498680518208,2.7777777777777777,0.3582841048572582,non-affine,0.1417158951427418
igiYOWobds4qSPBgfd8J3wA6916xXnaI--ynlQEvBgY1951gUgh9zj63Tvo6dFRn,23,Undergraduate degree (BA/BSc/other),Undergraduate degree,control,2.75,0.26829507591553514,intr,0.23170492408446486,-0.01829507591553514,3.7777777777777777,0.7880697379814923,affine,0.28806973798149227
iLfnskFowv2vpklcH7dTgXFMjVjdX646SAvUH63DaUohIjs1GkKw-R05omxutL-0,30,College/A levels,College,inoculation,2.625,0.23337481494549728,intr,0.2666251850545027,0.016625185054502722,2.7777777777777777,0.3582841048572582,non-affine,0.1417158951427418
Ill0-Q2nreJ-Gl5pxzByNBd4BAr7SwcoKCPmME2moWS-tgkItDGR9DTDakLeO3YV,33,Undergraduate degree (BA/BSc/other),Undergraduate degree,inoculation,3.625,0.6542200793245094,extr,0.15422007932450943,-0.09577992067549057,3.4444444444444446,0.6598833175440008,affine,0.15988331754400076
ilUVqovPPawQOcycaFTmrPBWjlMNqIUGzzcnziH_TID1ENf76MEFECT_op0ufr4T,30,Undergraduate degree (BA/BSc/other),Undergraduate degree,inoculation,3.25,0.48670438618290796,intr,0.013295613817092045,-0.23670438618290796,4.222222222222222,0.9060031443079403,affine,0.40600314430794027
Im5MiJVGFFKBJ6RkmDIS4A1O1hh4kT_Zfzuk4fYr_vihUiSXR6IbqE2iDPfmfsjP,28,Undergraduate degree (BA/BSc/other),Undergraduate degree,control,4.375,0.8808701492987225,extr,0.38087014929872254,0.13087014929872254,3.6666666666666665,0.7487440315963316,affine,0.24874403159633163
IYb-0m0haUWRzq1cVXJyPIyECqyWKtQR4drQMz3U7DBPHH0C5fCJFUPLKabxoaXm,28,Undergraduate degree (BA/BSc/other),Undergraduate degree,control,2.375,0.15997388572722585,intr,0.3400261142727742,0.09002611427277418,2.7777777777777777,0.3582841048572582,non-affine,0.1417158951427418
J1RGMIrh_CERLDnxAIfbpTNajdRefmWfIgppJqx2iPfYVRnr0At0o8dHJz1v4mrZ,37,Undergraduate degree (BA/BSc/other),Undergraduate degree,control,4.25,0.8590558157292707,extr,0.3590558157292707,0.1090558157292707,4,0.8550040836957316,affine,0.35500408369573155
J7Yaatu6lQaJKc2N9kfPx340mmqrZq0CXW9KjPaLPLE2NnTs0zHGkuJHWgv06XTS,28,College/A levels,College,control,3.75,0.691462461274013,extr,0.191462461274013,-0.05853753872598699,3.4444444444444446,0.6598833175440008,affine,0.15988331754400076
jdcF3GF-y0ednI5fNhxU-Rm4ByVw_8FDLugbFdkJCTzMd6d4ayJHj3zfjZeTSPUw,28,Undergraduate degree (BA/BSc/other),Undergraduate degree,control,3.375,0.5368064259979399,extr,0.03680642599793993,-0.21319357400206007,2.888888888888889,0.4075506654302435,non-affine,0.09244933456975651
JUX2Z6VfRz2CJsc0nXHuCQIUWJhqOQlTlop5tkcB5uhgmujn5Pvt-qAb5BgkXHyb,33,Graduate degree (MA/MSc/MPhil/other),Graduate/doctorate degree,control,3.75,0.7028477592643985,extr,0.20284775926439846,-0.047152240735601536,3.7777777777777777,0.7880697379814923,affine,0.28806973798149227
JWi2yPRw5YeW4RpCfgsk8FVx7wNn9yUKjp3okOinFaNIgJMmEG0jpl7BerAe_MjW,34,Secondary school/GCSE,Secondary school/GCSE or less,inoculation,1.5,0.027131498628134874,intr,0.47286850137186515,0.22286850137186515,3.7777777777777777,0.7880697379814923,affine,0.28806973798149227
kbDLWosjJ_MA5gXpwOy_onQIAzLvA0Ec30UC2x3RUVhR0Et5uOGKjb1N6V8d8Tq8,24,College/A levels,College,inoculation,2.625,0.23087902490546883,intr,0.26912097509453115,0.019120975094531145,3.2222222222222223,0.5610952969881974,affine,0.06109529698819738
kFmGnzZwfzcRCkWaLmX-tpwi5SvzE6Ip9zrwK293YiVrFFaxoQZ2FULUylKITY0b,30,Graduate degree (MA/MSc/MPhil/other),Graduate/doctorate degree,control,2.5,0.193062337141907,intr,0.306937662858093,0.056937662858092986,2.7777777777777777,0.3582841048572582,non-affine,0.1417158951427418
KloL1q_Mr5FQkN00WyY7bCGNPUN0QEzoQ5Ia_8rvuNtxngL0QoqLMekWrkwaXZPz,18,College/A levels,College,inoculation,2.125,0.10564977366685524,intr,0.39435022633314476,0.14435022633314476,3.888888888888889,0.8235400564360852,affine,0.3235400564360852
KmmyybjmOR5Gi_ZXqC7CN89uzgzph12XF89QehqXGI4as_dGtSNud7-3AnAVDQ0N,29,Undergraduate degree (BA/BSc/other),Undergraduate degree,inoculation,4.25,0.8542747726716675,extr,0.3542747726716675,0.10427477267166751,3.888888888888889,0.8235400564360852,affine,0.3235400564360852
KzPzag3nIWo3j2IlWf-N0gCIFykwGtuzVytgirTrtEQwbMSrERNoT3R8zEn85K0f,38,College/A levels,College,control,1.875,0.06609065253076823,intr,0.43390934746923177,0.18390934746923177,2.4444444444444446,0.22643286628317424,non-affine,0.27356713371682573
L986S-3zImbOmnKvJK1huzuT3DLLyjpW232tWw_ahh1pItLwEiaM6WvyKDlFYpr4,30,Graduate degree (MA/MSc/MPhil/other),Graduate/doctorate degree,control,2.125,0.09968765962952227,intr,0.40031234037047775,0.15031234037047775,3,0.45832630776244876,non-affine,0.04167369223755124
LaFmfdWzoFiVXrxwriJn5sS-OS_fMUCV9_140Zl4GCHZ2KLu_mPhcYdgv8L16Kh0,31,Secondary school/GCSE,Secondary school/GCSE or less,control,2.875,0.31442953786117755,intr,0.18557046213882245,-0.06442953786117755,4.111111111111111,0.8824529363865857,affine,0.38245293638658573
lb3OghSiWAJDNjsyolSk1gn1of15FUHSGQ85nKwGY1xBvs5YSZfKhRX9CfkRdWlv,21,Undergraduate degree (BA/BSc/other),Undergraduate degree,control,3.125,0.4447689756245142,intr,0.05523102437548583,-0.19476897562451417,3.7777777777777777,0.7880697379814923,affine,0.28806973798149227
lEyFXbMjQDWwRSNz419F1s6xKyqzd1lfM7sB10mG_9p53VgDa0eJri6EcIsprSiZ,36,Undergraduate degree (BA/BSc/other),Undergraduate degree,control,3.5,0.6124515189020076,extr,0.11245151890200755,-0.13754848109799245,2.6666666666666665,0.3112719958575155,non-affine,0.18872800414248447
LIQsNM0HHDLE4T9_4K2N6ZRyImb9QttqgZBrcy1o00SRf3XLmm_4NXA-t01H2aiw,33,Undergraduate degree (BA/BSc/other),Undergraduate degree,inoculation,2,0.08541133177173951,intr,0.41458866822826046,0.16458866822826046,2.3333333333333335,0.18947165205564176,non-affine,0.31052834794435824
lisNBkD0wjy3mGeb8OYqazc1YJiPDnKwPyeYtDbZoSnoRbgTYRBrheZ6mgfUDSYa,31,Undergraduate degree (BA/BSc/other),Undergraduate degree,control,2.75,0.2668978778621933,intr,0.23310212213780668,-0.016897877862193322,3,0.45832630776244876,non-affine,0.04167369223755124
LnWnffhsZAlrHoCYApVdzaykr3TkHPQJrD4bnoY9aXBkG4uI9MwfrS7ku75Q7891,38,Undergraduate degree (BA/BSc/other),Undergraduate degree,control,3,0.399147020235992,intr,0.10085297976400798,-0.14914702023599202,4.333333333333333,0.9258744294380646,affine,0.42587442943806464
LQYyEfNhe2mWrnBfIg6lxarFZMv7YU1YViFphz0bGZlzILyCrqeRWAxC4XVaMkrz,30,Secondary school/GCSE,Secondary school/GCSE or less,inoculation,2.875,0.3263552202879201,intr,0.17364477971207992,-0.07635522028792008,3,0.45832630776244876,non-affine,0.04167369223755124
LrUHetgNrIvam13VAqyT-DX4fUihnpnfGbc68VBSQUTiE0DHDmqtoyH-X6hkc0u9,38,Graduate degree (MA/MSc/MPhil/other),Graduate/doctorate degree,inoculation,3.125,0.45356210299507776,intr,0.046437897004922235,-0.20356210299507776,2,0.10249866995949809,non-affine,0.3975013300405019
LVK6MlCPxXCRNkqB6GXRsR2em1TcsEUhSTbQZe-QPV9JV1iaubPK6dxoC_hcUnjX,19,College/A levels,College,inoculation,3,0.390591475433575,intr,0.10940852456642502,-0.14059147543357498,2.5555555555555554,0.26715276869871313,non-affine,0.23284723130128687
LZ7a0wfGLeLa0igYfXPIFfxsNQQqpIZa6U0fyCUi585fZ5HGPfUynIbEZCwLB2Wu,29,Undergraduate degree (BA/BSc/other),Undergraduate degree,inoculation,4,0.7823692392939845,extr,0.2823692392939845,0.0323692392939845,2.4444444444444446,0.22643286628317424,non-affine,0.27356713371682573
m-U-MPHSjknW3XH40MEj8kYlRzAiTgtD6tM-w2zPybmgOibQ7Zlmk4ngpHxB4pmY,27,Doctorate degree (PhD/MD/other),Graduate/doctorate degree,control,2.375,0.1599884158869977,intr,0.3400115841130023,0.09001158411300231,3.111111111111111,0.5097921732922717,affine,0.009792173292271666
m4OpDJjUGk2CMJ_obgCT9IefrSRlvlByZQY5-r5kF29kFaBDNDzbtxtCBXjyaNbi,33,Graduate degree (MA/MSc/MPhil/other),Graduate/doctorate degree,inoculation,3.375,0.549738224830113,extr,0.04973822483011303,-0.20026177516988697,1.1111111111111112,0.010694866208764834,non-affine,0.4893051337912352
m60YAq5LUsk72t5l1gPX4YlgV1LKijnh3-wuU27Q7A_JOJbi5rVNsgrdrVNf1K_U,39,College/A levels,College,inoculation,2.625,0.25307796415748574,intr,0.24692203584251426,-0.0030779641574857353,1.5555555555555556,0.03719252224216346,non-affine,0.46280747775783654
MbeubewYORGMhIolt99iiaImfuIk6ixIeUo6FaG07Jp9mfGemaJTAFmkIGFScIug,31,Undergraduate degree (BA/BSc/other),Undergraduate degree,inoculation,3.125,0.4185690487907757,intr,0.08143095120922428,-0.16856904879077572,4.222222222222222,0.9060031443079403,affine,0.40600314430794027
mdkyWyzGxysotjSUoYuM6FDe1RfheD1g8e6-5BHTVrKTLLW4m6TnzrLxCKoGjcAU,37,College/A levels,College,inoculation,3.5,0.6029034520929699,extr,0.10290345209296992,-0.14709654790703008,3.7777777777777777,0.7880697379814923,affine,0.28806973798149227
MHmRCEh0Ehac8xZ9hg4gVG1AeryDgJHEcJYBgeNLs-oztBFf1e5HbjzRw9fQi2KW,26,Secondary school/GCSE,Secondary school/GCSE or less,control,3.375,0.5284716645164785,extr,0.028471664516478534,-0.22152833548352147,3,0.45832630776244876,non-affine,0.04167369223755124
MI8Wk2f1A0pUgBJIAmG_oEi03zmuZ1mSQmZ-TlOeZ-gnzzsNnRcZyuqdo1CnCuoC,20,College/A levels,College,control,2.75,0.289257360753972,intr,0.21074263924602799,-0.039257360753972015,4.555555555555555,0.9558220062871597,affine,0.45582200628715974
MIHE2V5OU_hSG5T0tgpeMKdiWdEiRWm0wKOLzHdsJKV6IVsAxeQM4ierhlFs8z21,29,Graduate degree (MA/MSc/MPhil/other),Graduate/doctorate degree,control,5,0.9698860050824094,extr,0.4698860050824094,0.2198860050824094,3.3333333333333335,0.6113907830650629,affine,0.11139078306506289
mmhSo9dOSXykyjPoLD5zUDTIMKkq2o5KCgUfQ7nhs5F3ZzBt7zs1BNhaj0J7HWFX,40,Graduate degree (MA/MSc/MPhil/other),Graduate/doctorate degree,control,3.875,0.7408821517465197,extr,0.24088215174651972,-0.009117848253480276,1.6666666666666667,0.04895831793880404,non-affine,0.45104168206119594
MvuY-AvmXitgX5WcagVcsTlqaE9JYSl3mfR3IfST7LnKDLlvfq2-ztg9StFBZltN,27,Undergraduate degree (BA/BSc/other),Undergraduate degree,inoculation,2.25,0.1288449392134522,intr,0.3711550607865478,0.12115506078654781,3.4444444444444446,0.6598833175440008,affine,0.15988331754400076
mWF6ogqXioy7YnxfJkfpZvhiMtTtdQKVuhU8pPEYYThi7_eT3f38sLwIoTLSXJW2,34,College/A levels,College,inoculation,1.875,0.064066531583465,intr,0.435933468416535,0.18593346841653502,4.444444444444445,0.9423643218194914,affine,0.44236432181949137
mwGNLIVi46Opgq4qQ_FvKkjxJ9oq-8jSEIlP723HmSIxdvh0O4xm-rCYqTr0ASg4,20,College/A levels,College,inoculation,2.875,0.33846111951068963,intr,0.16153888048931037,-0.08846111951068963,2.2222222222222223,0.15647678378182311,non-affine,0.3435232162181769
MZSoNYbQcQlOIZgHuzbA9mJ_huUqn4UV1RMfsN8Ry-mdPGcTbjnBAKP1XYR1PXUI,28,Undergraduate degree (BA/BSc/other),Undergraduate degree,inoculation,2.5,0.19525422492046848,intr,0.3047457750795315,0.05474577507953149,3.888888888888889,0.8235400564360852,affine,0.3235400564360852
N1yNlySWj6_HwbGGfZzq9WN1-ZfYjYBIafhTVWBAmfBztnr0TEJjM8S_egx1Z2Ap,34,Undergraduate degree (BA/BSc/other),Undergraduate degree,inoculation,2.125,0.10515960608812099,intr,0.39484039391187903,0.14484039391187903,4.444444444444445,0.9423643218194914,affine,0.44236432181949137
nBJAaFEwHJMPUpdymVyX0aHmy-n1P7wYH1M4WQ03FEuugX759voiH_AcEytu4pU-,33,College/A levels,College,control,3.875,0.7480858229697425,extr,0.24808582296974246,-0.0019141770302575356,4.111111111111111,0.8824529363865857,affine,0.38245293638658573
nKgXVI_PVSURyUIeAH3Ij-pheGWOngK6UOUe6U1POZZSHv3YLQkrxfEXougcGQ21,24,Undergraduate degree (BA/BSc/other),Undergraduate degree,control,2.5,0.19040508795243952,intr,0.3095949120475605,0.05959491204756051,3,0.45832630776244876,non-affine,0.04167369223755124
no0fif2WdUuRpEZNdrbI-WcmiNQOkhkwIEGHRVshbiiq0TlR2g9iVuMgKePdjGQC,35,Undergraduate degree (BA/BSc/other),Undergraduate degree,inoculation,3.875,0.7398415997463166,extr,0.23984159974631658,-0.01015840025368342,3.4444444444444446,0.6598833175440008,affine,0.15988331754400076
noIVOLTWyRv868ffghbQWd9vqAN9Ml0vv8-6S-bKrK5Jk_t0kOnGebxvIy0eir0W,28,Undergraduate degree (BA/BSc/other),Undergraduate degree,inoculation,4,0.7798655251438135,extr,0.27986552514381347,0.029865525143813465,2.5555555555555554,0.26715276869871313,non-affine,0.23284723130128687
NS6cfBHR2twyk0bc8B6ZB6NWnfDHVBVpv5Cqx5TZzHnaCuwI6URK5_mPamUUhDzI,24,Secondary school/GCSE,Secondary school/GCSE or less,inoculation,2.875,0.32453441112610926,intr,0.17546558887389074,-0.07453441112610926,1.7777777777777777,0.06352488387403976,non-affine,0.43647511612596024
NwuLH-42fkh2-XiX63h0vSoqoDB4EYAM0DyRODJUIFwuwwGtvFHcMQP9qEwt2t2Q,40,Undergraduate degree (BA/BSc/other),Undergraduate degree,inoculation,4.625,0.9317252432944407,extr,0.43172524329444073,0.18172524329444073,1.7777777777777777,0.06352488387403976,non-affine,0.43647511612596024
o1F5Gdw18hLtLh7849uwhtQQBIinCpyX2wAKo3udLHVDzAt1d0LIiNLlCLPVFGde,31,College/A levels,College,control,2.75,0.2668978778621933,intr,0.23310212213780668,-0.016897877862193322,3.5555555555555554,0.7058646369425364,affine,0.20586463694253643
o7cO4vEeo5dWtCx9RlwUc1-APxFo6s6hKSOiUGj1fxYPf3g35I4PomtvyZMzIlX5,35,College/A levels,College,inoculation,3,0.3749840910772862,intr,0.1250159089227138,-0.1249840910772862,2.6666666666666665,0.3112719958575155,non-affine,0.18872800414248447
OAP1uaZ-7WZxjwTq1m8cd-5dC0L_dhEnuL38oJRnJLoMWaRnGUqA2j7PvFBTHoTR,37,Undergraduate degree (BA/BSc/other),Undergraduate degree,control,3.875,0.7480858229697425,extr,0.24808582296974246,-0.0019141770302575356,4,0.8550040836957316,affine,0.35500408369573155
oc8amr6aZBXGdozvSdr8PRrpXY0WusOYIBTIz6uxLQtmDJX4VbH45cJ7dHPyvn_w,22,Graduate degree (MA/MSc/MPhil/other),Graduate/doctorate degree,control,3.125,0.43971753917285583,intr,0.06028246082714417,-0.18971753917285583,3,0.45832630776244876,non-affine,0.04167369223755124
oGY8cYRp1wMtExx9Ih47smYLp1zXWu6nY5_mk1mkmRAsFGiMGIwxsW6IrXZEMch6,30,College/A levels,College,inoculation,4.625,0.9324702538196343,extr,0.43247025381963433,0.18247025381963433,4.666666666666667,0.9666234924151828,affine,0.46662349241518275
ojKpHHi_GdpCxGEl32XazmbgBA1N1KYk27xt_FBc0h6jpUXnT4wS5kf2mQWwB54q,29,Graduate degree (MA/MSc/MPhil/other),Graduate/doctorate degree,control,3.5,0.5912529568183096,extr,0.09125295681830958,-0.15874704318169042,3.2222222222222223,0.5610952969881974,affine,0.06109529698819738
okIEwJufwlQqNSbp7rAcB_9vCNSlsaGBv0p9BU2xzVMH8aYHv7v1W5gJ-JxQHmUq,26,Graduate degree (MA/MSc/MPhil/other),Graduate/doctorate degree,inoculation,2.125,0.09642438815682862,intr,0.40357561184317137,0.15357561184317137,3.6666666666666665,0.7487440315963316,affine,0.24874403159633163
oRHpoInJsyPKuhU9O2XlHrDVusshP3W9ZmEv__i21h1fQh_tm9SQaXMn82deDvPJ,24,Undergraduate degree (BA/BSc/other),Undergraduate degree,control,2.25,0.1235742184258305,intr,0.3764257815741695,0.1264257815741695,4.111111111111111,0.8824529363865857,affine,0.38245293638658573
P41_ZrfRs0ax7gtYn3xu0Vxmf_W1zRTxlMXixJeN9oiEhJTgY81oKEdQVxR63aGX,31,Graduate degree (MA/MSc/MPhil/other),Graduate/doctorate degree,inoculation,3.25,0.47342353569963486,intr,0.026576464300365144,-0.22342353569963486,3.3333333333333335,0.6113907830650629,affine,0.11139078306506289
p4DYyl3fYsZnTdcr0cE-BLeZq7ydyfrFmYKs0SxtnVoTxDtNGHvj7MbOx3Di0uK3,38,College/A levels,College,control,2.125,0.10976519994893277,intr,0.39023480005106725,0.14023480005106725,4.111111111111111,0.8824529363865857,affine,0.38245293638658573
P7YdZBCWumFynIh8HOhpC3J880A0zgqTkcqwP6E4M9IGpJzzkd6YQDjLh2DdyG2M,32,Graduate degree (MA/MSc/MPhil/other),Graduate/doctorate degree,control,3.625,0.6550078620232191,extr,0.15500786202321915,-0.09499213797678085,3,0.45832630776244876,non-affine,0.04167369223755124
p8Se5mWhB5b-4fxZWAUQR8YM6JYdNegxLs_vAE-8X-o3wEhqh8qRyXsZNLxWeNMJ,32,Graduate degree (MA/MSc/MPhil/other),Graduate/doctorate degree,control,1.375,0.01661830093756065,intr,0.48338169906243933,0.23338169906243933,3.2222222222222223,0.5610952969881974,affine,0.06109529698819738
pdfmCaC8xNyGmL7VFT0NG4T4arPntyHvWPpmvXptzjMrWzfADViEWbsHGS2jxKhX,35,College/A levels,College,inoculation,4,0.7823692392939845,extr,0.2823692392939845,0.0323692392939845,3.888888888888889,0.8235400564360852,affine,0.3235400564360852
Pe8VwIAw6ihG8RKJlGeykBCTN1cwXZehjJ3n5wXKmb-i_p_pebz7z9TTGqk6_PPn,31,Graduate degree (MA/MSc/MPhil/other),Graduate/doctorate degree,control,3.125,0.4185690487907757,intr,0.08143095120922428,-0.16856904879077572,3.4444444444444446,0.6598833175440008,affine,0.15988331754400076
peDnOZ1jtFvaMXyWXb4lQYfnWa1rCuLFnptAWJxyiaw-zRG05Ph_6UB0hh18o3rY,30,Graduate degree (MA/MSc/MPhil/other),Graduate/doctorate degree,inoculation,4.25,0.859433530548471,extr,0.35943353054847105,0.10943353054847105,3.888888888888889,0.8235400564360852,affine,0.3235400564360852
pG0Kdl7c_2SypCozfdLGoqjhp03M5atiPlQ009giVh_Qu4u8vuhnAO9ZMYdEYtpN,34,Doctorate degree (PhD/MD/other),Graduate/doctorate degree,inoculation,4.125,0.815367094626214,extr,0.31536709462621404,0.06536709462621404,2.888888888888889,0.4075506654302435,non-affine,0.09244933456975651
PgMkguqBngtrGEaBBuexrdaYEofuJFU9pecsxrAzMUorfcs82T2Vz3vTUQ-GJDxc,31,Undergraduate degree (BA/BSc/other),Undergraduate degree,inoculation,2.375,0.14942820724727512,intr,0.3505717927527249,0.10057179275272488,3.2222222222222223,0.5610952969881974,affine,0.06109529698819738
PJxvbpne-ZTupKZippsNLjkq4-a90Pp4ok4hK8Gt5cnY_xeuSweY83XogkXaMzqx,31,College/A levels,College,control,2,0.07275776092547627,intr,0.42724223907452374,0.17724223907452374,2.5555555555555554,0.26715276869871313,non-affine,0.23284723130128687
pMmrelWVI2XelGIEeWE-r2mXFSivJURCw5GReuyM1sqmySpXiZqXKmFoWgA08VLU,35,Secondary school/GCSE,Secondary school/GCSE or less,inoculation,3.875,0.7398415997463166,extr,0.23984159974631658,-0.01015840025368342,2,0.10249866995949809,non-affine,0.3975013300405019
pudKW3Wu3htvzMPqwbvayM6A48ZZELlWI0TUqrEitqxDSOa-hf1xzA2VG3LnpNnd,27,Graduate degree (MA/MSc/MPhil/other),Graduate/doctorate degree,inoculation,1.5,0.02522998813244468,intr,0.4747700118675553,0.2247700118675553,3.111111111111111,0.5097921732922717,affine,0.009792173292271666
PW9s7cmt0lXDUmSndtQPtEmHrboDgBRy_Cf-AljYsJYlNx0GvNuJRvGMzlspXuiL,27,College/A levels,College,inoculation,3.875,0.7433945360620126,extr,0.24339453606201256,-0.006605463937987444,2.111111111111111,0.12750953606128893,non-affine,0.3724904639387111
PxTx_6T4Z7e0sCay9tfMbmcT6QMQYGRDApgmZNKgKpRo4d5EbD9wqrepy_97-Icf,28,Secondary school/GCSE,Secondary school/GCSE or less,inoculation,4,0.7798655251438135,extr,0.27986552514381347,0.029865525143813465,3.111111111111111,0.5097921732922717,affine,0.009792173292271666
Q-FRBG96A0zd43VepRFQ7SCmQ8aqOrYSNb0LNOEgznA_eTwBFYSsaJFoDNM9IBgF,29,Graduate degree (MA/MSc/MPhil/other),Graduate/doctorate degree,inoculation,3,0.3749840910772862,intr,0.1250159089227138,-0.1249840910772862,2.4444444444444446,0.22643286628317424,non-affine,0.27356713371682573
q29w0oCj_RxzUBIHiPycFg6DqYZxx8bTGNEoM6KwJ7DAeqwYKbCRKbniuQZ4SBdI,28,College/A levels,College,control,3.625,0.6421196945326565,extr,0.1421196945326565,-0.1078803054673435,2.2222222222222223,0.15647678378182311,non-affine,0.3435232162181769
Q53wFgBRJlan6ltTCC6AgU6qZNtiffdy2TOzwsvbYu9usDIZuLkSrFMki6ioy0Yb,29,Undergraduate degree (BA/BSc/other),Undergraduate degree,inoculation,1.375,0.017671976267041065,intr,0.4823280237329589,0.2323280237329589,4.111111111111111,0.8824529363865857,affine,0.38245293638658573
Q9c7xl_4Ji3tERzB0HVahMM8zmKgSBvWM3BI2-ttRdF2bj0-zS-J3R-e1RtEBK7m,30,College/A levels,College,control,1.875,0.05924876845375922,intr,0.4407512315462408,0.1907512315462408,4,0.8550040836957316,affine,0.35500408369573155
qaaN8fLHdEGuexUIxevG-hEBhEsyC1KMIe1i6nQo2SEGpHu9-F9mofy2mv9bVLQR,32,College/A levels,College,control,2.875,0.3285862824492562,intr,0.1714137175507438,-0.0785862824492562,3.6666666666666665,0.7487440315963316,affine,0.24874403159633163
qDEHrnv8mV_kUAAw0b5W9Uskgqu2bR1ePKAggMiiil0x_wX7dszXea9-v0ouFic1,33,Undergraduate degree (BA/BSc/other),Undergraduate degree,control,4.125,0.8264469685938788,extr,0.3264469685938788,0.07644696859387878,2.2222222222222223,0.15647678378182311,non-affine,0.3435232162181769
qF24_YC2DlKaJvgzvvqtz61OM1fetstlDTGWQkW61eH9djjVo641BpoKvuoVy4wC,27,Undergraduate degree (BA/BSc/other),Undergraduate degree,inoculation,2.375,0.1599884158869977,intr,0.3400115841130023,0.09001158411300231,2.3333333333333335,0.18947165205564176,non-affine,0.31052834794435824
qIQM_rWTeWZEHHkt0wGImH2XHDDvTDKL3fA5QJJCYJXp4TuCezwPGa3XWvGoKSaQ,39,Undergraduate degree (BA/BSc/other),Undergraduate degree,control,1.375,0.020751898708674058,intr,0.47924810129132595,0.22924810129132595,2.111111111111111,0.12750953606128893,non-affine,0.3724904639387111
QmWqlzQ-3_F-HN6tifXdKLkpGzkUB_xOYvfSmvEyVps23UcJccsZBpT6azjtiEH8,20,College/A levels,College,inoculation,2.375,0.16547000377783586,intr,0.33452999622216417,0.08452999622216417,3.6666666666666665,0.7487440315963316,affine,0.24874403159633163
quvjb9OM3RBGvEn9VMk55JYdozdv2wfAz8hF6JH941zUxE6CxBLSRwZaeCsL6iiT,30,Undergraduate degree (BA/BSc/other),Undergraduate degree,control,3.5,0.5965566880740971,extr,0.09655668807409712,-0.15344331192590288,1.7777777777777777,0.06352488387403976,non-affine,0.43647511612596024
QVji1lKQYo-cPxBH7myfCsmGQhGx9a64Q9aLB0sGJA8LHqfzf5CRSeKNmmgTg246,33,Graduate degree (MA/MSc/MPhil/other),Graduate/doctorate degree,control,3.75,0.7028477592643985,extr,0.20284775926439846,-0.047152240735601536,4.222222222222222,0.9060031443079403,affine,0.40600314430794027
R0WogMLfYFd_uWbyGqwpiauHtS1Vn3rMFzg54Q70e2ChUiVSlK_GX7OhIiDqD1hd,28,Undergraduate degree (BA/BSc/other),Undergraduate degree,control,4.625,0.9266221759548912,extr,0.42662217595489116,0.17662217595489116,4.222222222222222,0.9060031443079403,affine,0.40600314430794027
rB1P6N_e7x4t7QpnE_NT0AXfq1ihPCs3ByE-i-8TykxySQAMbhEYhUDFpS6mOOG3,25,College/A levels,College,control,3.875,0.7326604201336635,extr,0.2326604201336635,-0.017339579866336496,3.4444444444444446,0.6598833175440008,affine,0.15988331754400076
RGtNGTWTbypTPDhb5rf0_uokWwL4M2P6_Gn-Fl_xOp3nhTCg16umTzOWjbWf2bMv,23,Undergraduate degree (BA/BSc/other),Undergraduate degree,inoculation,2.875,0.3164930616610552,intr,0.18350693833894482,-0.06649306166105518,3.5555555555555554,0.7058646369425364,affine,0.20586463694253643
RK75b0qfYf0TR5G5liYebcYxyTWurZBSsgqKktTgM3UEUn62B_1YGneiMnjpU6tb,25,College/A levels,College,control,2.25,0.12204286086888153,intr,0.3779571391311185,0.1279571391311185,3.111111111111111,0.5097921732922717,affine,0.009792173292271666
Rp59m-YyRJiPkPUr1cvsJUneTDXl1kJ0v1mQT1qokp-Geebao7psbrLgXp0Mo08A,32,Undergraduate degree (BA/BSc/other),Undergraduate degree,inoculation,2.625,0.23431218723134398,intr,0.26568781276865605,0.01568781276865605,2.888888888888889,0.4075506654302435,non-affine,0.09244933456975651
RqcMlDyKzsqzPZh8Y5CRAbWpFgUbKFCK4zttsS9aD90gHQOqTMC77SPhe1x3ZCo7,39,Undergraduate degree (BA/BSc/other),Undergraduate degree,control,2.375,0.17372153826334583,intr,0.3262784617366542,0.0762784617366542,3.2222222222222223,0.5610952969881974,affine,0.06109529698819738
ruE6GOKNy5WZAgzozMFsMGNo5zslalxpGnm_QNhcIiJ_Hd9nhq5FE17xk6Jtuk8L,35,Undergraduate degree (BA/BSc/other),Undergraduate degree,control,3.125,0.4280587217427359,intr,0.0719412782572641,-0.1780587217427359,2.6666666666666665,0.3112719958575155,non-affine,0.18872800414248447
rwnCDbKdeo8DoVMK7NpMCBVX0FC15xAmcRtL2e5Qqab_q6zfcGGW08uVTgbqYjM6,36,College/A levels,College,control,3.75,0.71241017293393,extr,0.21241017293393005,-0.03758982706606995,3.7777777777777777,0.7880697379814923,affine,0.28806973798149227
ryH_Pkztw7NQa68VTXUv6ViVX5GnkjXapJoldHATk94Rn5CSnrgmyXOJWOkOeBA3,38,College/A levels,College,inoculation,2.625,0.2507211179573997,intr,0.2492788820426003,-7.211179573997084e-4,3.2222222222222223,0.5610952969881974,affine,0.06109529698819738
s5irpiBFtP2UADETOJg16oj1ZRSw-8mfI_c6aPBxk-VS9RIPqRs6DxqxAJKarD9b,30,Graduate degree (MA/MSc/MPhil/other),Graduate/doctorate degree,control,2.375,0.15731470622550509,intr,0.3426852937744949,0.09268529377449491,3.4444444444444446,0.6598833175440008,affine,0.15988331754400076
scFdUk7hyUD9y4r9t-iEJQaHJ4piYNNUJr1pl4qTY7wko6Q3WpdluQ9ssS9fPMnu,29,Undergraduate degree (BA/BSc/other),Undergraduate degree,control,2.875,0.32417918494169373,intr,0.17582081505830627,-0.07417918494169373,3.6666666666666665,0.7487440315963316,affine,0.24874403159633163
Sdjbe9vQndOQGCQh3fINACxTXWTChnnu_nrrl10AQii1O66UCWTwtjqyc-5PWQuA,34,College/A levels,College,control,4.125,0.815367094626214,extr,0.31536709462621404,0.06536709462621404,2,0.10249866995949809,non-affine,0.3975013300405019
SdPXsbvBEjr9-qXjBBKZCeWkeZnD8JZ_ej_GAWkKn32Zzw6hj79vOUFCea2toVbi,39,Undergraduate degree (BA/BSc/other),Undergraduate degree,inoculation,2.25,0.14075731625501128,intr,0.3592426837449887,0.10924268374498869,1.6666666666666667,0.04895831793880404,non-affine,0.45104168206119594
SGPYkQEIe_rjy-7kmwnLGiBodvWhMMANAAtLeCy2c04FoSLRsH8p8bpCyxwNlWOl,31,College/A levels,College,control,3.375,0.5287874697124002,extr,0.028787469712400204,-0.2212125302875998,3.5555555555555554,0.7058646369425364,affine,0.20586463694253643
sGz_8BADvUK_gopPr5ADktcTINz1F-IUsOD48LGogPBxVBOIsHwp_HEpRVHufhXY,23,Undergraduate degree (BA/BSc/other),Undergraduate degree,inoculation,3.75,0.6934375706425553,extr,0.1934375706425553,-0.05656242935744471,3.2222222222222223,0.5610952969881974,affine,0.06109529698819738
SiHZTdYAJ-aoTufcI3nHEQuZOcCaD6smYWPe2i8x6mkxrl3MHnHf7A3MXOQaDIlb,31,Undergraduate degree (BA/BSc/other),Undergraduate degree,control,3.875,0.7349252372010482,extr,0.2349252372010482,-0.015074762798951813,3.4444444444444446,0.6598833175440008,affine,0.15988331754400076
SSj3qbmzpUqfnRXRosPb3P2wcw3uMDWa55L4RHcUp-oJdgx87hAx0-uYyEND3ff_,31,Secondary school/GCSE,Secondary school/GCSE or less,inoculation,2.25,0.11944260504427955,intr,0.38055739495572044,0.13055739495572044,3,0.45832630776244876,non-affine,0.04167369223755124
SThgNHh866XLDaaK3E8p4bbanK7YuFPlEcelMg2UQ_KY-Fk2EqMz6nqPvq-Vg2_o,32,College/A levels,College,control,3.5,0.6019612964295257,extr,0.10196129642952567,-0.14803870357047433,3,0.45832630776244876,non-affine,0.04167369223755124
sXqRph41GJ3Mmu_ifCqzZlbE4FzU_9vhn6zxzrEAZVk9w7LqzPlIidyy9BV-3AG4,34,Undergraduate degree (BA/BSc/other),Undergraduate degree,inoculation,3.125,0.42958950275715707,intr,0.07041049724284293,-0.17958950275715707,2.6666666666666665,0.3112719958575155,non-affine,0.18872800414248447
t7xUkDc4V1BB0GlqmuIp60jnxkYo-Js2SupI5yvwPpYc4NRxdqSHcQ4NZFJir8xV,22,Undergraduate degree (BA/BSc/other),Undergraduate degree,inoculation,3.75,0.7090329485260027,extr,0.20903294852600274,-0.04096705147399726,3,0.45832630776244876,non-affine,0.04167369223755124
Ta-qeFyt4R6Uj2BQ9kSy_7ed1MV15QTCu7BqC_RZ_bZaEYcvtBSkfvEe5RgsZiWR,36,Undergraduate degree (BA/BSc/other),Undergraduate degree,control,3.375,0.5589673716158918,extr,0.05896737161589183,-0.19103262838410817,4.222222222222222,0.9060031443079403,affine,0.40600314430794027
TdFECWLc1NXzwQ1GVM96PJu8kKSBu9BJTzu6w0KYd8_tLoAeiqQvRybolYqT0WS1,26,Undergraduate degree (BA/BSc/other),Undergraduate degree,control,1.75,0.04323813274683282,intr,0.4567618672531672,0.2067618672531672,3.2222222222222223,0.5610952969881974,affine,0.06109529698819738
TuQjepyNMWwbvs6GuPGJteyjBKxN-A0Bf90POBjIMr2_d1PHxQcchIYhgueZRVi2,31,College/A levels,College,control,3.75,0.6875398187706775,extr,0.1875398187706775,-0.06246018122932251,2.888888888888889,0.4075506654302435,non-affine,0.09244933456975651
tyPs31ZiSuO6cvKhzlEF0FXIpw9YWul6TGzWZRZKW35OofqTLZWU209DaoYeGvNi,26,Undergraduate degree (BA/BSc/other),Undergraduate degree,control,4,0.7758468666361853,extr,0.2758468666361853,0.025846866636185295,4.555555555555555,0.9558220062871597,affine,0.45582200628715974
u1B2ApD8ufhgZmOfUKwjOL_c2F_pffadmsoy5rJ4vsg2S9a0dJvqgH3WRZDbEz6n,27,Graduate degree (MA/MSc/MPhil/other),Graduate/doctorate degree,inoculation,2,0.0797739946633778,intr,0.4202260053366222,0.1702260053366222,3.2222222222222223,0.5610952969881974,affine,0.06109529698819738
U21w3V1swfe0mS2uHDkhU6FohlDSGhNufxRjpwlZzAhlA2eF2GAzTgzauCCsOcho,39,Undergraduate degree (BA/BSc/other),Undergraduate degree,control,2.5,0.21121927375888588,intr,0.2887807262411141,0.038780726241114116,1.6666666666666667,0.04895831793880404,non-affine,0.45104168206119594
uCqwmitv2owcooWVe9LEun_S-EsD6bCVevk5F_SxMcYigsP2V7nqtT0yG90iOxFY,40,Graduate degree (MA/MSc/MPhil/other),Graduate/doctorate degree,inoculation,2.625,0.22409770974953258,intr,0.2759022902504674,0.02590229025046742,4.222222222222222,0.9060031443079403,affine,0.40600314430794027
UpOefzSv2F_rzQxH4-9D3K2TMQU6kf9uAit576O4wx4ZNnXHrdqnWk__shIE2_K-,32,Graduate degree (MA/MSc/MPhil/other),Graduate/doctorate degree,control,3.875,0.751676619637351,extr,0.251676619637351,0.0016766196373509956,4.222222222222222,0.9060031443079403,affine,0.40600314430794027
UPRqRYRtSvsvVJAHGIRAKJh3pICDH8D9tyFuIiN2NUblurwdQbR3YxaALo6sj4Gn,33,Undergraduate degree (BA/BSc/other),Undergraduate degree,control,3.375,0.549738224830113,extr,0.04973822483011303,-0.20026177516988697,2.4444444444444446,0.22643286628317424,non-affine,0.27356713371682573
UQgkdmPrzNJo1LZFPTlfVZJyTXEDjvUf45GK_VZsKFeRpT-GFTUjaepe8TqV03aX,25,Graduate degree (MA/MSc/MPhil/other),Graduate/doctorate degree,inoculation,2.75,0.26915037450936147,intr,0.23084962549063853,-0.019150374509361467,2.111111111111111,0.12750953606128893,non-affine,0.3724904639387111
uQk11fhRaNaBbGuwYHpVRtbpRHLDixnPIL7ft04XEszjdfl-t5C5kr-87qUs3ZAQ,32,Undergraduate degree (BA/BSc/other),Undergraduate degree,control,2.375,0.1572996863188498,intr,0.34270031368115017,0.09270031368115017,2.7777777777777777,0.3582841048572582,non-affine,0.1417158951427418
UT-YrihNOZTsjKtLWnZIWqhyQjievLQ4DCRbsM3o5Rbh4zEfIuTJKq0iW7X4lXLJ,33,Graduate degree (MA/MSc/MPhil/other),Graduate/doctorate degree,control,2.625,0.24502874409314518,intr,0.2549712559068548,0.004971255906854821,2.3333333333333335,0.18947165205564176,non-affine,0.31052834794435824
Uw8ZPpvKzc11Zb2T0zAB2liDO4PCXalb3kOsKvK46tgS9w4LKVfhEZH_vRoHN2s4,25,Undergraduate degree (BA/BSc/other),Undergraduate degree,inoculation,3.375,0.5284716645164785,extr,0.028471664516478534,-0.22152833548352147,3.2222222222222223,0.5610952969881974,affine,0.06109529698819738
UZ614p24AvH_OMqptG7KG6UdlkR_6wo1IokJQ--d-_WzY3YUQHUfDn-Sb472Ns9U,32,Graduate degree (MA/MSc/MPhil/other),Graduate/doctorate degree,control,1.375,0.01661830093756065,intr,0.48338169906243933,0.23338169906243933,2.6666666666666665,0.3112719958575155,non-affine,0.18872800414248447
v-djX2pXfFlN-DzzjwHgIZJxJ-o7ua18fVn0NjhL6ypDAQcQ3jVt8B3tOqmJJrAL,29,Graduate degree (MA/MSc/MPhil/other),Graduate/doctorate degree,inoculation,3.875,0.7398415997463166,extr,0.23984159974631658,-0.01015840025368342,3.4444444444444446,0.6598833175440008,affine,0.15988331754400076
v8UhFKLiQ4ewqm6jo_1km4mv-yDNyxlLl5StYYNLFwHj4V3UoXGO8QslZmxQ3z7b,30,College/A levels,College,inoculation,3.125,0.43163141404555094,intr,0.06836858595444906,-0.18163141404555094,2.4444444444444446,0.22643286628317424,non-affine,0.27356713371682573
vNZNdCZY5ic6M6iJOxGzlh0PfMfrMW6lbER4RNNjZ-DO6DTHA76IZ_ByxlHS8fot,40,College/A levels,College,inoculation,3,0.3680288050724678,intr,0.13197119492753218,-0.11802880507246782,2.3333333333333335,0.18947165205564176,non-affine,0.31052834794435824
vq09HREqP8XAqIxVzmqpSQ8lXnazMiTpYadfiR2D1UR0r4DVvf506vX5y1i1G57y,38,College/A levels,College,inoculation,2.75,0.29690142860385127,intr,0.20309857139614873,-0.04690142860385127,4.555555555555555,0.9558220062871597,affine,0.45582200628715974
VsqLWa6acaL4cHZrBllxM2IL-SK0ml2upn3KkAuNLjllJ9cKaYLVtViVmp8pMSqM,34,Undergraduate degree (BA/BSc/other),Undergraduate degree,inoculation,2.625,0.23728791133221758,intr,0.2627120886677824,0.012712088667782395,3.3333333333333335,0.6113907830650629,affine,0.11139078306506289
vXsjWV2C0WdO-zQnU81O6azccyZzobncDRmDlzeJg79g9jB8-8BiDWcfRBn8bJCR,39,College/A levels,College,inoculation,2.75,0.2989327447218728,intr,0.2010672552781272,-0.04893274472187281,3.6666666666666665,0.7487440315963316,affine,0.24874403159633163
VXX1T3qaLeyfRGfX6qxwK911RDCKGre9foiNokMtYfV3jV0MWeYlJLYrodEU1rXK,27,Graduate degree (MA/MSc/MPhil/other),Graduate/doctorate degree,inoculation,3.25,0.4868504386124467,intr,0.013149561387553299,-0.2368504386124467,2.3333333333333335,0.18947165205564176,non-affine,0.31052834794435824
w-bMHXjnL8lSxwABqmppU6ryIPdTkS9hGUbmS6THmLCJVL2kdZRiIvmq6JNXIe0C,23,College/A levels,College,control,2.125,0.09338000061513851,intr,0.4066199993848615,0.15661999938486149,2.7777777777777777,0.3582841048572582,non-affine,0.1417158951427418
waiA-OWalNHIo3k8g4ajPTG2YTSpQzVIbElAzUuHQWscveL8mMhe1WnSNB4ofEzf,23,College/A levels,College,inoculation,4.125,0.8230279820702789,extr,0.32302798207027894,0.07302798207027894,1.8888888888888888,0.08126080329148719,non-affine,0.4187391967085128
WCpQeV-EnBltSQB0hjWCDNjatafFmN9QLZAcqDjof5rRF8rnbv3FQGbGxjT1su4V,27,Undergraduate degree (BA/BSc/other),Undergraduate degree,control,2.75,0.2801427206290089,intr,0.2198572793709911,-0.030142720629008912,2.6666666666666665,0.3112719958575155,non-affine,0.18872800414248447
WDV9GKVQUACgZyTJvnPWr7z0IrK7bIHZtFjezaQ4E32ED3wZg17w6QmjH4Yx-b6a,22,Undergraduate degree (BA/BSc/other),Undergraduate degree,inoculation,3.5,0.6062902057287619,extr,0.10629020572876191,-0.1437097942712381,2.888888888888889,0.4075506654302435,non-affine,0.09244933456975651
wkMsJe6_UJkFOfMneUWjaDhNk8NGDedCpo53tLNbPLhmYLUOlljjHKj-AbzNWKCS,26,College/A levels,College,inoculation,1.25,0.011795170339536155,intr,0.48820482966046386,0.23820482966046386,2.111111111111111,0.12750953606128893,non-affine,0.3724904639387111
wLMjWELFe5mqJfcV0U9ShxmJtdFFUmjXaWRtY2kFhVqcUJIazPOp-AbOrdKMqWDK,40,College/A levels,College,inoculation,2.5,0.18435924869138431,intr,0.3156407513086157,0.06564075130861569,2.5555555555555554,0.26715276869871313,non-affine,0.23284723130128687
wlXeaO-iAEv4jGCFc31-4OwOkbNDgCd4e8jdiG8rmdwCkMhHQtvT1Ydl-IX_efZO,26,College/A levels,College,control,3.375,0.5284716645164785,extr,0.028471664516478534,-0.22152833548352147,3.5555555555555554,0.7058646369425364,affine,0.20586463694253643
woH-VZsIxHRdpbpgNKGTvefCTvll5jIKKIB5Vce-HGI48PVx51LOozEl3VxW-_pX,34,College/A levels,College,inoculation,2,0.0827061277710377,intr,0.4172938722289623,0.1672938722289623,3.5555555555555554,0.7058646369425364,affine,0.20586463694253643
WrSsPys5FqKFfGtemysquhMFyckiWzXLcOXY_esLghlW1mXlqf6L7IxxR81lz9Mh,32,Undergraduate degree (BA/BSc/other),Undergraduate degree,control,2.875,0.3285862824492562,intr,0.1714137175507438,-0.0785862824492562,1.8888888888888888,0.08126080329148719,non-affine,0.4187391967085128
WVCbVdBAo8dwzbrilouPhd1T0-yz_fdPjSBG7rETI4ZzGnQB3zMbeezw2s56U9VC,37,Undergraduate degree (BA/BSc/other),Undergraduate degree,inoculation,3.625,0.6542200793245094,extr,0.15422007932450943,-0.09577992067549057,3.2222222222222223,0.5610952969881974,affine,0.06109529698819738
WwaSbyyMRaEDgHVKTghEMZSIQzBMJyNHCPG8me8Fl5vlfILOLrxAlo06nm1lHGIl,30,Doctorate degree (PhD/MD/other),Graduate/doctorate degree,inoculation,2.625,0.23337481494549728,intr,0.2666251850545027,0.016625185054502722,4.111111111111111,0.8824529363865857,affine,0.38245293638658573
WYmkJNGYA4K32woh86UGFUOQHfp9FJOX6z3f7sJVFHKXPKvR6OPpu0Jsh7rVtXKR,21,College/A levels,College,control,2.125,0.10564977366685524,intr,0.39435022633314476,0.14435022633314476,3.5555555555555554,0.7058646369425364,affine,0.20586463694253643
wZm9zECsG-paHy_fhLfgowaqDwkRiiGG8r-nqzbC4EXas3nsUgt5z56zSTxuWFf-,31,Graduate degree (MA/MSc/MPhil/other),Graduate/doctorate degree,control,4.625,0.92800752426878,extr,0.42800752426877997,0.17800752426877997,3.3333333333333335,0.6113907830650629,affine,0.11139078306506289
x3qrcMf5Jis8-Qk9xN1-wYM9JtG6ivwZto427p1YHLMmk85TaTAbbTMAWImZNcV9,28,Graduate degree (MA/MSc/MPhil/other),Graduate/doctorate degree,control,2.625,0.23489336904888528,intr,0.26510663095111475,0.015106630951114752,3.2222222222222223,0.5610952969881974,affine,0.06109529698819738
x8Q55Vd-kuXhkQMwOJK5Xxrjigk29XJazyyv5nrlEv4VFLbGNuFbIqCnBBVinaR1,32,Secondary school/GCSE,Secondary school/GCSE or less,control,1,0.005377472760044612,intr,0.49462252723995537,0.24462252723995537,2.888888888888889,0.4075506654302435,non-affine,0.09244933456975651
x9csBltjCyTN5MJ12KK0f_Us-fOb6buGzunGgaUUkO0C4lh0cguTYjHm7Pni_ILh,35,College/A levels,College,inoculation,2.75,0.2764545386971833,intr,0.22354546130281672,-0.026454538697183283,2.888888888888889,0.4075506654302435,non-affine,0.09244933456975651
Xf4ETHpfqfw_eMXHsU4HyPm1kuFRWLljclHn9X-9R9VWAwHdpKcEjc9ig11fQHDf,24,Graduate degree (MA/MSc/MPhil/other),Graduate/doctorate degree,inoculation,2.625,0.23087902490546883,intr,0.26912097509453115,0.019120975094531145,3.4444444444444446,0.6598833175440008,affine,0.15988331754400076
XFkZbAq3J6H7znsNtb-fJrYNtRXScFMQG5aRKhCmTC2Jw1lyI2bEuNYBesyu29bU,35,Secondary school/GCSE,Secondary school/GCSE or less,inoculation,3.125,0.4280587217427359,intr,0.0719412782572641,-0.1780587217427359,3.6666666666666665,0.7487440315963316,affine,0.24874403159633163
xFUIWto4RmCeeumPCgjbNtAImRN5yiSloVAouDfzNJvqPROIFG5bsKsn4eSf5moQ,30,College/A levels,College,control,2,0.07748087478421034,intr,0.42251912521578966,0.17251912521578966,2.4444444444444446,0.22643286628317424,non-affine,0.27356713371682573
xhOenmPxZg2Xamuv9RuglRM7I0kS4EbwXBLaCbbJOzqUimM-zOznpsQDQHT6_oHl,31,No formal qualifications,Secondary school/GCSE or less,control,3.5,0.5835997148964526,extr,0.08359971489645257,-0.16640028510354743,4.222222222222222,0.9060031443079403,affine,0.40600314430794027
xomxxXqd-efAk86w4hQIUgj2K6NfDBp1eE_je14u-RMaUUXDP-LpjzmoFW_APXqH,35,College/A levels,College,inoculation,1.625,0.03364962507414461,intr,0.4663503749258554,0.2163503749258554,4,0.8550040836957316,affine,0.35500408369573155
XPjiAlRmjvRKSasneNda6ce8xb4M67_bn_JvuPXWNoe6u243oejJ3eLGueYumtJ8,26,Undergraduate degree (BA/BSc/other),Undergraduate degree,control,3.25,0.4737151594442645,intr,0.02628484055573549,-0.2237151594442645,2.5555555555555554,0.26715276869871313,non-affine,0.23284723130128687
XPRoysziOl9xDD0YZbLLmA-WSBhfn5a1V6byyXAis7UJgr0h62dSQAvHu2C2kQrE,30,Undergraduate degree (BA/BSc/other),Undergraduate degree,control,2.125,0.09968765962952227,intr,0.40031234037047775,0.15031234037047775,3.7777777777777777,0.7880697379814923,affine,0.28806973798149227
XpZeqC_VL_PYAWThHVfPdVyReNYWuodudUDGglTRGuh_SSZXarif9OqZoDFzOKrC,22,Undergraduate degree (BA/BSc/other),Undergraduate degree,inoculation,3.75,0.7090329485260027,extr,0.20903294852600274,-0.04096705147399726,2.2222222222222223,0.15647678378182311,non-affine,0.3435232162181769
xQEQZtYaNug14oKFuoV-N-rI43pakwoHygM0T9qoKuHMwYFFtJoBfjnLxOZ_9uHF,24,Undergraduate degree (BA/BSc/other),Undergraduate degree,control,4.125,0.8288011057972369,extr,0.32880110579723687,0.07880110579723687,3,0.45832630776244876,non-affine,0.04167369223755124
xR0XB0qGnfW8T76cDYy8ZFx-LBlQ1BRQE5jp2j3vVMBuKm09tHjB7FHUCdr0M8Xg,36,Graduate degree (MA/MSc/MPhil/other),Graduate/doctorate degree,control,3,0.3959915750573616,intr,0.1040084249426384,-0.1459915750573616,3.888888888888889,0.8235400564360852,affine,0.3235400564360852
xRLEvotsvusw5TNUTiwydqgKZR7BTSW92ZqNVvlTt8_m-3St8NAE2SZC73QAoAt2,32,Secondary school/GCSE,Secondary school/GCSE or less,control,1.75,0.0438306817617659,intr,0.4561693182382341,0.2061693182382341,4,0.8550040836957316,affine,0.35500408369573155
Xu7ndWvDXM8Pn24KJxUfaCGg1xRobVOaui0fxwx_wBCJPPdR0nX2yWvmQ0D5cMEC,28,Graduate degree (MA/MSc/MPhil/other),Graduate/doctorate degree,inoculation,2.5,0.19525422492046848,intr,0.3047457750795315,0.05474577507953149,2.3333333333333335,0.18947165205564176,non-affine,0.31052834794435824
y62hGK5jX9iFmuAtikFG7rrN6tozbixFpHY03a3lDPZ10gqIkaWlpWNBaiQsvx81,33,Graduate degree (MA/MSc/MPhil/other),Graduate/doctorate degree,inoculation,2.125,0.10865816733284132,intr,0.39134183266715866,0.14134183266715866,4,0.8550040836957316,affine,0.35500408369573155
Ye5AUl2TqcOyu2-QdNOUvkI_4GGnq-A1qlMgnHa62qa7CkG2k4JL9sp7FQ7nB9po,38,Secondary school/GCSE,Secondary school/GCSE or less,control,3.125,0.45356210299507776,intr,0.046437897004922235,-0.20356210299507776,2.888888888888889,0.4075506654302435,non-affine,0.09244933456975651
YFMoBTsmjKtYHNzn4ffD1KywU6RqaynTH_EYMHamu8s6O0ldepNTPxA5bMG96Fl8,36,Secondary school/GCSE,Secondary school/GCSE or less,inoculation,1.75,0.05077736007823844,intr,0.4492226399217616,0.1992226399217616,4.555555555555555,0.9558220062871597,affine,0.45582200628715974
yL3p0KDxQqzCU1D0E_MxEcHXTPZnjJmpQTxt7Wgg2cOp8sfv0SCxCDvm9PsROfoN,38,College/A levels,College,inoculation,2.625,0.2507211179573997,intr,0.2492788820426003,-7.211179573997084e-4,1.5555555555555556,0.03719252224216346,non-affine,0.46280747775783654
yNBjmVTdrnBSVnPNtNdYbc1_A0KnUy-zqmvgnUPprX-7DQKh7oUbjg09_bjHv7cx,29,Undergraduate degree (BA/BSc/other),Undergraduate degree,control,2.375,0.1573293969362782,intr,0.34267060306372177,0.09267060306372177,4.555555555555555,0.9558220062871597,affine,0.45582200628715974
YnflMANHShq2iw5RGsFRdz25EJFDNty0qY1K05WklCiHIiEmZ507eajVdtrlaSpe,38,Graduate degree (MA/MSc/MPhil/other),Graduate/doctorate degree,control,3.375,0.5639970554159773,extr,0.06399705541597733,-0.18600294458402267,3.3333333333333335,0.6113907830650629,affine,0.11139078306506289
yu2sPGUjhxw9EF_7kkHRU_Wsbmv2NwRhhkhqKh8pdIpRoAE012j0Nna-Bm5vyk4P,23,College/A levels,College,inoculation,2.375,0.14932660995387737,intr,0.35067339004612263,0.10067339004612263,4.555555555555555,0.9558220062871597,affine,0.45582200628715974
YUfeTUKwB5bk-2e7i25Z6S1tGumsHZ4sIHeK_IRKkbNH7Y3HOIq-NFVQtZpdKs6y,23,College/A levels,College,control,2,0.07205244218594012,intr,0.4279475578140599,0.1779475578140599,2.5555555555555554,0.26715276869871313,non-affine,0.23284723130128687
YWhYbUdO4u26V6ZfxZmZ8K6rhxxpVtaXELOpjgVQorVNn4U_hhwPkBJEPg-Z4zQu,21,Graduate degree (MA/MSc/MPhil/other),Graduate/doctorate degree,control,2.5,0.20232838096364308,intr,0.2976716190363569,0.047671619036356916,3.7777777777777777,0.7880697379814923,affine,0.28806973798149227
z-Fta4Z4APOC47oByRV6H3wX9C1MCETYZUvKrsFe7vk6uTsVaNldbmZdGn00qjfh,22,Secondary school/GCSE,Secondary school/GCSE or less,inoculation,2,0.07842723629416878,intr,0.4215727637058312,0.1715727637058312,3.2222222222222223,0.5610952969881974,affine,0.06109529698819738
Z0u--MZRI-cgKnVXd8UWGIJogSuMZuonw5cDkzOjJjUYNTGCiCOjKlPBQsZAadCT,24,Graduate degree (MA/MSc/MPhil/other),Graduate/doctorate degree,control,4.5,0.9147792423619474,extr,0.4147792423619474,0.1647792423619474,3.4444444444444446,0.6598833175440008,affine,0.15988331754400076
zvKLsVgakyr1NWL17zT-yHSflu6TkBNvcZfrni79lsrBTfX6-Ng-9X3SAub6BJmy,34,College/A levels,College,inoculation,3.75,0.6895670996736981,extr,0.18956709967369811,-0.060432900326301886,2.4444444444444446,0.22643286628317424,non-affine,0.27356713371682573
